{
  "board_cams": [
    0,
    1
  ],
  "initial": {
    "id_to_face": {
      "0": "+Y",
      "1": "-Z",
      "2": "+X",
      "3": "+Z",
      "4": "-X"
    },
    "corner_permutation_names": {
      "0": "r90",
      "1": "r270",
      "2": "r180",
      "3": "r180",
      "4": "r180"
    },
    "corner_reorder": {
      "0": [
        1,
        2,
        3,
        0
      ],
      "1": [
        3,
        0,
        1,
        2
      ],
      "2": [
        2,
        3,
        0,
        1
      ],
      "3": [
        2,
        3,
        0,
        1
      ],
      "4": [
        2,
        3,
        0,
        1
      ]
    },
    "score": 909.5788400598226,
    "num_used": 17,
    "mean_trans_mm": 160.43155255312644,
    "mean_rot_deg": 60.84287811466335,
    "mean_reproj_px": 1.2021312946947191
  },
  "recommended": {
    "id_to_face": {
      "0": "+Y",
      "1": "-Z",
      "2": "+X",
      "3": "+Z",
      "4": "-X"
    },
    "corner_permutation_names": {
      "0": "r90",
      "1": "flip_y",
      "2": "r180",
      "3": "r180",
      "4": "r180"
    },
    "corner_reorder": {
      "0": [
        1,
        2,
        3,
        0
      ],
      "1": [
        3,
        2,
        1,
        0
      ],
      "2": [
        2,
        3,
        0,
        1
      ],
      "3": [
        2,
        3,
        0,
        1
      ],
      "4": [
        2,
        3,
        0,
        1
      ]
    },
    "score": 688.9699864016138,
    "num_used": 30,
    "mean_trans_mm": 168.68814355180288,
    "mean_rot_deg": 64.72228176667628,
    "mean_reproj_px": 1.2517943582003785
  },
  "single_marker_report": {
    "0": {
      "num_obs": 18,
      "mean_dt_mm": 161.2723673462473,
      "mean_dr_deg": 68.10651003410423,
      "mean_reproj_px": 0.690485805606048,
      "ippe_solution_hist": {
        "0": 0,
        "1": 18
      }
    },
    "1": {
      "num_obs": 15,
      "mean_dt_mm": 169.9066990361187,
      "mean_dr_deg": 53.96009283264594,
      "mean_reproj_px": 0.34536826501661844,
      "ippe_solution_hist": {
        "0": 4,
        "1": 11
      }
    },
    "2": {
      "num_obs": 15,
      "mean_dt_mm": 159.53687041981146,
      "mean_dr_deg": 46.28245226108097,
      "mean_reproj_px": 0.5515596230087942,
      "ippe_solution_hist": {
        "0": 3,
        "1": 12
      }
    },
    "3": {
      "num_obs": 16,
      "mean_dt_mm": 172.7822330010094,
      "mean_dr_deg": 51.15110076359949,
      "mean_reproj_px": 0.3025834883841735,
      "ippe_solution_hist": {
        "0": 7,
        "1": 9
      }
    },
    "4": {
      "num_obs": 19,
      "mean_dt_mm": 164.25084376257306,
      "mean_dr_deg": 82.59047624150794,
      "mean_reproj_px": 0.28091400980824394,
      "ippe_solution_hist": {
        "0": 3,
        "1": 16
      }
    }
  }
}