{
  "box": {
    "fit": 0.7158333333333333,
    "rmse_mm": 2.0122091842694245,
    "extent_ratio": 1.1673015425577042,
    "position_mm": [
      -72.34447743373772,
      623.857564826034,
      26.03012552771864
    ],
    "euler_zyx_deg": [
      116.57535708838336,
      -5.531635726890108,
      80.7700703315607
    ],
    "iou_refined": 0.6088619542280426,
    "n_clusters_used": 44,
    "group_idx": 0
  },
  "red": {
    "fit": 1.0,
    "rmse_mm": 1.2899149085737451,
    "extent_ratio": 1.2471595388513588,
    "position_mm": [
      -214.96263012091163,
      338.0347178469138,
      14.712890484766362
    ],
    "euler_zyx_deg": [
      -35.76517128706256,
      26.090998927383573,
      -65.27356997411252
    ],
    "iou_refined": 0.45352212299560646,
    "n_clusters_used": 30,
    "group_idx": 1
  },
  "cream": {
    "fit": 0.6183333333333333,
    "rmse_mm": 1.9838163878912116,
    "extent_ratio": 1.1525467174832709,
    "position_mm": [
      -74.72540497121818,
      312.77844902741833,
      5.454802999135415
    ],
    "euler_zyx_deg": [
      -86.74872844349987,
      19.318828467403804,
      -84.47879537583943
    ],
    "iou_refined": 0.5578352088554692,
    "n_clusters_used": 47,
    "group_idx": 2
  },
  "blue": {
    "fit": 0.9138333333333334,
    "rmse_mm": 2.3721986776757844,
    "extent_ratio": 1.1538459567156885,
    "position_mm": [
      -218.90182161058084,
      509.6021490182997,
      12.007293373905572
    ],
    "euler_zyx_deg": [
      -78.34934643645799,
      -65.87143762715756,
      -67.19226652922336
    ],
    "iou_refined": 0.6178076559268331,
    "n_clusters_used": 28,
    "group_idx": 4
  }
}