{
  "cube_config_source": "config_py_default",
  "marker_rows": [
    {
      "marker_id": 0,
      "face": "+Z",
      "corner_reorder": [
        0,
        1,
        2,
        3
      ],
      "face_roll_deg": 0.0,
      "uses_explicit_marker_pose": false,
      "marker_pose_4x4": [
        [
          0.9999999999989999,
          0.0,
          0.0,
          0.0
        ],
        [
          0.0,
          0.9999999999989999,
          0.0,
          0.0
        ],
        [
          0.0,
          0.0,
          0.9999999999989999,
          0.015
        ],
        [
          0.0,
          0.0,
          0.0,
          1.0
        ]
      ]
    },
    {
      "marker_id": 1,
      "face": "+X",
      "corner_reorder": [
        0,
        1,
        2,
        3
      ],
      "face_roll_deg": 270.0,
      "uses_explicit_marker_pose": false,
      "marker_pose_4x4": [
        [
          0.0,
          0.0,
          0.999999999999,
          0.015
        ],
        [
          -0.999999999999,
          1.9999557565597574e-12,
          0.0,
          0.0
        ],
        [
          -1.9999557565597574e-12,
          -0.999999999999,
          0.0,
          0.0
        ],
        [
          0.0,
          0.0,
          0.0,
          1.0
        ]
      ]
    },
    {
      "marker_id": 2,
      "face": "+Y",
      "corner_reorder": [
        0,
        1,
        2,
        3
      ],
      "face_roll_deg": 0.0,
      "uses_explicit_marker_pose": false,
      "marker_pose_4x4": [
        [
          0.9999999999989999,
          0.0,
          -0.0,
          0.0
        ],
        [
          0.0,
          0.0,
          0.9999999999989999,
          0.015
        ],
        [
          0.0,
          -0.9999999999989999,
          0.0,
          0.0
        ],
        [
          0.0,
          0.0,
          0.0,
          1.0
        ]
      ]
    },
    {
      "marker_id": 3,
      "face": "-X",
      "corner_reorder": [
        0,
        1,
        2,
        3
      ],
      "face_roll_deg": 90.0,
      "uses_explicit_marker_pose": false,
      "marker_pose_4x4": [
        [
          0.0,
          0.0,
          -0.999999999999,
          -0.015
        ],
        [
          0.999999999999,
          2.000288823467145e-12,
          0.0,
          0.0
        ],
        [
          2.000288823467145e-12,
          -0.999999999999,
          0.0,
          0.0
        ],
        [
          0.0,
          0.0,
          0.0,
          1.0
        ]
      ]
    },
    {
      "marker_id": 4,
      "face": "-Y",
      "corner_reorder": [
        0,
        1,
        2,
        3
      ],
      "face_roll_deg": 180.0,
      "uses_explicit_marker_pose": false,
      "marker_pose_4x4": [
        [
          -0.999999999999,
          -1.2246467991498029e-16,
          -0.0,
          0.0
        ],
        [
          0.0,
          0.0,
          -0.999999999999,
          -0.015
        ],
        [
          1.2246467991498029e-16,
          -0.999999999999,
          0.0,
          0.0
        ],
        [
          0.0,
          0.0,
          0.0,
          1.0
        ]
      ]
    }
  ]
}