{
  "gripper_cam_idx": 2,
  "ref_fixed_cam_idx": 0,
  "fixed_cam_ids": [
    0,
    1,
    3
  ],
  "all_cam_ids": [
    0,
    1,
    2,
    3
  ],
  "selected_handeye_method": "HORAUD",
  "num_robot_poses": 14,
  "num_handeye_events": 13,
  "diagnostics": {
    "fixed_extrinsics": {
      "T_C0_C1": {
        "num_frames": 3,
        "num_inliers": 3,
        "inlier_ratio": 1.0,
        "translation_std_mm": 48.77832219875605,
        "rotation_std_deg": 5.120855200618852
      },
      "T_C0_C3": {
        "num_frames": 3,
        "num_inliers": 3,
        "inlier_ratio": 1.0,
        "translation_std_mm": 93.01119595512355,
        "rotation_std_deg": 18.718577892813407
      }
    },
    "handeye_methods": {
      "TSAI": {
        "score": 291.32227226121836,
        "mean_trans_mm": 129.17197517511187,
        "mean_rot_deg": 16.21502970861065,
        "stability": {
          "num_frames": 13,
          "num_inliers": 10,
          "inlier_ratio": 0.7692307692307693,
          "translation_std_mm": 30.233445897141333,
          "rotation_std_deg": 2.278925013263524
        }
      },
      "PARK": {
        "score": 1157.96862935331,
        "mean_trans_mm": 125.13866842610979,
        "mean_rot_deg": 103.28299609272004,
        "stability": {
          "num_frames": 13,
          "num_inliers": 11,
          "inlier_ratio": 0.8461538461538461,
          "translation_std_mm": 30.210471106590788,
          "rotation_std_deg": 0.0006374729242857659
        }
      },
      "HORAUD": {
        "score": 257.6924289538401,
        "mean_trans_mm": 110.79604856944844,
        "mean_rot_deg": 14.689638038439163,
        "stability": {
          "num_frames": 13,
          "num_inliers": 10,
          "inlier_ratio": 0.7692307692307693,
          "translation_std_mm": 30.79470429416418,
          "rotation_std_deg": 2.279021704081888
        }
      },
      "DANIILIDIS": {
        "score": 290.8141535645638,
        "mean_trans_mm": 113.62135032284651,
        "mean_rot_deg": 17.719280324171727,
        "stability": {
          "num_frames": 13,
          "num_inliers": 10,
          "inlier_ratio": 0.7692307692307693,
          "translation_std_mm": 30.728389323518535,
          "rotation_std_deg": 2.2789680825114145
        }
      }
    },
    "base_transforms": {
      "T_base_C0": {
        "num_frames": 7,
        "num_inliers": 5,
        "inlier_ratio": 0.7142857142857143,
        "translation_std_mm": 6.7871247364701945,
        "rotation_std_deg": 1.971135408811021
      },
      "T_base_C1": {
        "num_frames": 6,
        "num_inliers": 4,
        "inlier_ratio": 0.6666666666666666,
        "translation_std_mm": 37.919642763501535,
        "rotation_std_deg": 2.3412274400484376
      },
      "T_base_C3": {
        "num_frames": 9,
        "num_inliers": 8,
        "inlier_ratio": 0.8888888888888888,
        "translation_std_mm": 60.06600907591793,
        "rotation_std_deg": 4.449636794772648
      }
    }
  },
  "transforms": {
    "T_C0_C0": [
      1.0,
      0.0,
      0.0,
      0.0,
      0.0,
      1.0,
      0.0,
      0.0,
      0.0,
      0.0,
      1.0,
      0.0,
      0.0,
      0.0,
      0.0,
      1.0
    ],
    "T_C0_C1": [
      -0.9303062674750422,
      0.061894815056599724,
      -0.36152355464860647,
      0.059028945603476934,
      0.1280031042951541,
      0.9784751118581728,
      -0.16186927060112594,
      0.05027564462453839,
      0.343722932006956,
      -0.19686413422268148,
      -0.9182042575970203,
      0.7319302984036331,
      0.0,
      0.0,
      0.0,
      1.0
    ],
    "T_C0_C3": [
      -0.2614652897102295,
      -0.3482626324080115,
      -0.9001938908618453,
      0.40037527184152244,
      0.28627301629167445,
      0.8626929152605058,
      -0.4169036988353507,
      0.17353707606707128,
      0.9217828716243385,
      -0.36670706678161036,
      -0.12586605877843063,
      0.4193829835548216,
      0.0,
      0.0,
      0.0,
      1.0
    ],
    "T_gripper_cam": [
      -0.12379080641492368,
      0.5843517609281178,
      0.8020030272681963,
      -0.21389048530942606,
      -0.14341265422540153,
      -0.8102698306323456,
      0.5682390449230464,
      -0.04384794782887959,
      0.9818903436001235,
      -0.04467461322986921,
      0.18410739278365004,
      -0.22165347789845458,
      0.0,
      0.0,
      0.0,
      1.0
    ],
    "T_base_O": [
      0.2071517396367402,
      -0.8140357950964672,
      0.5426176195693747,
      -0.1572338187417828,
      -0.20422949916500907,
      0.5064451418245526,
      0.8377372081942629,
      0.5387759769574217,
      -0.9567541316536242,
      -0.2843572447186309,
      -0.06133913057540964,
      0.30413705840075,
      0.0,
      0.0,
      0.0,
      1.0
    ],
    "T_base_C0": [
      -0.5333434582223798,
      -0.6156426164670513,
      0.5801111310438671,
      -0.45267435306399717,
      -0.7888232997936657,
      0.609615211655178,
      -0.07827576522299129,
      0.595836290200157,
      -0.3054546730269887,
      -0.4993530439560926,
      -0.8107675253842864,
      0.6751598481824579,
      0.0,
      0.0,
      0.0,
      1.0
    ],
    "T_base_C1": [
      0.6317128783850315,
      -0.7434212178253243,
      -0.21969008209204235,
      -0.09638638315210549,
      0.7695754403925276,
      0.5673327562586817,
      0.29306515524806664,
      0.47827902501101366,
      -0.09323347482071012,
      -0.3542011244519664,
      0.9305101195633594,
      0.011406712783913892,
      0.0,
      0.0,
      0.0,
      1.0
    ],
    "T_base_C3": [
      0.6580829160256176,
      -0.7290692230309914,
      0.18810886120596773,
      -0.26152928015133203,
      0.6792273160249903,
      0.6826394316480998,
      0.26954342790104635,
      0.2915958335668033,
      -0.3249263436545397,
      -0.04961324811121449,
      0.9444370793288172,
      -0.12270651920459527,
      0.0,
      0.0,
      0.0,
      1.0
    ]
  }
}