{
  "generated_by": "Step3_calibration.py",
  "root_folder": "data/session",
  "calib_dir": "data/session/calib_out_canonical_net_v1",
  "transforms": {
    "T_C0_C0": [
      [
        1.0,
        0.0,
        0.0,
        0.0
      ],
      [
        0.0,
        1.0,
        0.0,
        0.0
      ],
      [
        0.0,
        0.0,
        1.0,
        0.0
      ],
      [
        0.0,
        0.0,
        0.0,
        1.0
      ]
    ],
    "T_C0_C1": [
      [
        -0.678298197591866,
        0.33303909454256647,
        -0.6549782566237553,
        0.22184531162096222
      ],
      [
        -0.08813083709660888,
        0.8480765761087506,
        0.5224931354652517,
        -0.151003623243089
      ],
      [
        0.7294823580432067,
        0.41212993407653187,
        -0.5458977988065132,
        0.6879255490248859
      ],
      [
        0.0,
        0.0,
        0.0,
        1.0
      ]
    ],
    "T_C0_C3": [
      [
        -0.3981812308925326,
        -0.28400470869737793,
        0.8722345056248496,
        -0.43323301073214515
      ],
      [
        0.12919934023567128,
        0.9240223342911399,
        0.3598475457937988,
        -0.09462799285489983
      ],
      [
        -0.9081625613553861,
        0.2559766613753492,
        -0.33123512945271205,
        0.6564422115983028
      ],
      [
        0.0,
        0.0,
        0.0,
        1.0
      ]
    ],
    "T_gripper_cam": [
      [
        -0.999970609092911,
        -0.0008236942910031624,
        0.007622498151277892,
        0.040617424050438666
      ],
      [
        0.0019031284837234103,
        -0.9897626403152863,
        0.14271052497306028,
        0.030711165549308188
      ],
      [
        0.007426914051320825,
        0.1427208371746291,
        0.9897351178895529,
        -0.1157239921163953
      ],
      [
        0.0,
        0.0,
        0.0,
        1.0
      ]
    ],
    "T_base_O": [
      [
        0.978862200776544,
        0.2045202389614049,
        0.0005135621395242238,
        -0.11063508666387824
      ],
      [
        -0.20451868147017555,
        0.9788602273404241,
        -0.0021827186612950614,
        0.5029075894474401
      ],
      [
        -0.0009491156948416618,
        0.002031547740843229,
        0.9999974859934275,
        0.002892387771869238
      ],
      [
        0.0,
        0.0,
        0.0,
        1.0
      ]
    ],
    "T_base_C0": [
      [
        0.7079546172753669,
        -0.10972563998940302,
        0.6976822656535028,
        -0.408890250101881
      ],
      [
        -0.7059132059292358,
        -0.07907464191900092,
        0.7038705468337841,
        0.14665673763381804
      ],
      [
        -0.02206367089124005,
        -0.9908115284625516,
        -0.1334380361535098,
        0.10966369562419612
      ],
      [
        0.0,
        0.0,
        0.0,
        1.0
      ]
    ],
    "T_base_C1": [
      [
        0.03774010626844267,
        0.4266095386821794,
        -0.9036481538100017,
        0.23951683967890586
      ],
      [
        0.9992834106189473,
        -0.013496817122087003,
        0.03536242623657107,
        0.4833373757130215
      ],
      [
        0.0028895744687809756,
        -0.9043351908628523,
        -0.4268132061293773,
        0.16043189552121243
      ],
      [
        0.0,
        0.0,
        0.0,
        1.0
      ]
    ],
    "T_base_C3": [
      [
        -0.9299026777231446,
        -0.1242522004091739,
        0.34618261171931236,
        -0.2489647301476819
      ],
      [
        -0.36779599958380355,
        0.30730697965991666,
        -0.8776608245458211,
        0.91483652522626
      ],
      [
        0.0026669558445045704,
        -0.943463730593698,
        -0.3314650455187476,
        0.12423369730025244
      ],
      [
        0.0,
        0.0,
        0.0,
        1.0
      ]
    ]
  }
}