{
  "calibration_type": "unified_charuco_cube",
  "handeye_data_source": "charuco",
  "gripper_cam_idx": 2,
  "ref_fixed_cam_idx": 0,
  "fixed_cam_ids": [
    0,
    1,
    3
  ],
  "all_cam_ids": [
    0,
    1,
    2,
    3
  ],
  "selected_handeye_method": "HORAUD",
  "num_robot_poses": 18,
  "num_handeye_events": 18,
  "num_charuco_frames": 18,
  "num_cube_pnp_gripper": 18,
  "t_base_o_source": "board_anchor",
  "cube_config_source": "json_config",
  "cube_config_used": {
    "cube_side_m": 0.03,
    "marker_size_m": 0.022,
    "dictionary_name": "DICT_4X4_50",
    "marker_ids": [
      0,
      1,
      2,
      3,
      4
    ],
    "id_to_face": {
      "0": "+Z",
      "1": "+Y",
      "2": "-X",
      "3": "-Y",
      "4": "+X"
    },
    "corner_reorder": {
      "0": [
        0,
        1,
        2,
        3
      ],
      "1": [
        1,
        0,
        3,
        2
      ],
      "2": [
        3,
        2,
        1,
        0
      ],
      "3": [
        0,
        3,
        2,
        1
      ],
      "4": [
        1,
        0,
        3,
        2
      ]
    },
    "face_roll_deg": {
      "0": 0.0,
      "1": 0.0,
      "2": 0.0,
      "3": 0.0,
      "4": 0.0
    },
    "marker_pose_4x4": {
      "0": [
        [
          -0.07940895095489466,
          -0.9960540456846396,
          -0.03963024834018232,
          -0.00029594635481659446
        ],
        [
          -0.980198053233419,
          0.08525589578149953,
          -0.17872663112113168,
          -0.00024037464690084896
        ],
        [
          0.18140009632207507,
          0.02465299798717216,
          -0.983100317742084,
          0.008788401025635982
        ],
        [
          0.0,
          0.0,
          0.0,
          1.0
        ]
      ],
      "1": [
        [
          0.9968331018259049,
          -0.02245860721884283,
          0.076284848206799,
          -0.00013657553477245624
        ],
        [
          -0.0792818700207752,
          -0.20616341155707438,
          0.9753004833491864,
          0.017060543282116435
        ],
        [
          -0.006176745919459624,
          -0.9782598114493605,
          -0.20729107340382155,
          -0.007108109806986281
        ],
        [
          0.0,
          0.0,
          0.0,
          1.0
        ]
      ],
      "2": [
        [
          -0.07181513783929344,
          0.036449009737329355,
          -0.9967517522765087,
          -0.01645646857753593
        ],
        [
          -0.9825071993196063,
          0.16956482335135867,
          0.07698944061990423,
          -0.0022502031539218398
        ],
        [
          0.17182022367075028,
          0.9848447798363913,
          0.023634093313322963,
          -0.005788636083756415
        ],
        [
          0.0,
          0.0,
          0.0,
          1.0
        ]
      ],
      "3": [
        [
          -0.04097029600679676,
          0.9948596417246328,
          -0.09260522724258391,
          0.0008134357265093888
        ],
        [
          -0.17322367113847406,
          -0.09835195357753719,
          -0.9799594139477373,
          -0.014586413295100856
        ],
        [
          -0.9840299764755267,
          -0.024107809834512578,
          0.1763627480579666,
          -0.005587993387879275
        ],
        [
          0.0,
          0.0,
          0.0,
          1.0
        ]
      ],
      "4": [
        [
          -0.09094978334540038,
          -0.07479100464563622,
          0.9930430214917787,
          0.015180664368206021
        ],
        [
          -0.9806674749785298,
          -0.16676454901433943,
          -0.10237621164742125,
          -0.0031151371773977376
        ],
        [
          0.17326119135183848,
          -0.9831560867004487,
          -0.0581779060743958,
          -0.006032248584733451
        ],
        [
          0.0,
          0.0,
          0.0,
          1.0
        ]
      ]
    }
  },
  "cube_config_selection": {
    "mode": "explicit_json",
    "chosen_source": "json_config",
    "path": "/Users/woo/Documents/GitHub/Robot-Lab/rb-ArucoCube_Robot_multi_calibration/data(1)/data/session/cube_config_explicit_marker_pose_fixed13.json",
    "candidates": []
  },
  "diagnostics": {
    "fixed_extrinsics": {
      "T_C0_C1": {
        "num_frames": 18,
        "num_inliers": 18,
        "inlier_ratio": 1.0,
        "translation_std_mm": 17.625048324022572,
        "rotation_std_deg": 2.8579659258216794
      },
      "T_C0_C3": {
        "num_frames": 18,
        "num_inliers": 18,
        "inlier_ratio": 1.0,
        "translation_std_mm": 15.094518146915846,
        "rotation_std_deg": 1.9340335971219003
      }
    },
    "fixed_extrinsics_refined": {
      "T_C0_C1": {
        "method": "from_base_transforms"
      },
      "T_C0_C3": {
        "method": "from_base_transforms"
      }
    },
    "handeye_methods": {
      "TSAI": {
        "score": 13.582693672726254,
        "mean_trans_mm": 3.186213872196759,
        "mean_rot_deg": 1.0396479800529497,
        "stability": {
          "num_frames": 18,
          "num_inliers": 14,
          "inlier_ratio": 0.7777777777777778,
          "translation_std_mm": 0.8456353908518224,
          "rotation_std_deg": 0.34827416092107666
        }
      },
      "PARK": {
        "score": 5.858602284720215,
        "mean_trans_mm": 1.9024857018117851,
        "mean_rot_deg": 0.395611658290843,
        "stability": {
          "num_frames": 18,
          "num_inliers": 18,
          "inlier_ratio": 1.0,
          "translation_std_mm": 1.155239881641987,
          "rotation_std_deg": 0.2246535778491628
        }
      },
      "HORAUD": {
        "score": 5.858559730447086,
        "mean_trans_mm": 1.9142728339679889,
        "mean_rot_deg": 0.3944286896479097,
        "stability": {
          "num_frames": 18,
          "num_inliers": 18,
          "inlier_ratio": 1.0,
          "translation_std_mm": 1.1475192553034845,
          "rotation_std_deg": 0.22605085478616013
        }
      },
      "ANDREFF": {
        "score": 7.827384465517133,
        "mean_trans_mm": 3.886260508595615,
        "mean_rot_deg": 0.3941123956921518,
        "stability": {
          "num_frames": 18,
          "num_inliers": 18,
          "inlier_ratio": 1.0,
          "translation_std_mm": 1.1764966673544242,
          "rotation_std_deg": 0.22621376347140978
        }
      },
      "DANIILIDIS": {
        "score": 6.645232834335619,
        "mean_trans_mm": 2.673987394905764,
        "mean_rot_deg": 0.3971245439429855,
        "stability": {
          "num_frames": 18,
          "num_inliers": 18,
          "inlier_ratio": 1.0,
          "translation_std_mm": 1.832011124228965,
          "rotation_std_deg": 0.22270262562012827
        }
      }
    },
    "base_transforms": {
      "T_base_C0": {
        "num_frames": 17,
        "num_inliers": 17,
        "inlier_ratio": 1.0,
        "translation_std_mm": 1.5941203151850611,
        "rotation_std_deg": 0.2683752783126587
      },
      "T_base_C1": {
        "num_frames": 17,
        "num_inliers": 17,
        "inlier_ratio": 1.0,
        "translation_std_mm": 1.4439621645638667,
        "rotation_std_deg": 0.2206890175717061
      },
      "T_base_C3": {
        "num_frames": 4,
        "num_inliers": 4,
        "inlier_ratio": 1.0,
        "translation_std_mm": 0.0,
        "rotation_std_deg": 0.0,
        "method": "cube_anchor",
        "support": 4,
        "total_keys": 18,
        "used_id_counts": {
          "[3]": 4
        },
        "source_counts": {
          "ippe1": 4
        },
        "dominant_signature": {
          "used_ids": [
            3
          ],
          "source": "ippe1",
          "support": 4
        },
        "event_ids": [
          9,
          10,
          11,
          12
        ],
        "event_span": 4
      }
    },
    "cube_anchor": {
      "support": 8,
      "total_keys": 36,
      "stability": {
        "num_frames": 8,