{
  "source": "set_cube_center_6dof_aligned_to_cube_object",
  "support": 7,
  "T_set_cube_center_to_object": [
    [
      0.9998991665803172,
      -0.002765071378944058,
      -0.013928785024379164,
      0.003306310395673001
    ],
    [
      -0.0027147376834043817,
      -0.9999897220293873,
      0.003631258032405536,
      0.002058531396013622
    ],
    [
      -0.013938682552390955,
      -0.003593078882651035,
      -0.9998963960895377,
      -0.018297755595808287
    ],
    [
      0.0,
      0.0,
      0.0,
      1.0
    ]
  ],
  "per_set": {
    "0": {
      "support": 4,
      "raw_transform": [
        [
          -0.260477148564845,
          0.9654408985045831,
          0.008690602406670567,
          0.001088
        ],
        [
          0.96537907488066,
          0.26056952140873313,
          -0.012114714003421786,
          0.674856
        ],
        [
          -0.013960546482449319,
          0.005234119552217366,
          -0.9998888473897609,
          -0.018101
        ],
        [
          0.0,
          0.0,
          0.0,
          1.0
        ]
      ],
      "estimated_transform": [
        [
          -0.26600888214627505,
          -0.9639361064395394,
          0.008152136006561218,
          0.0037274035682833594
        ],
        [
          0.9639694562643817,
          -0.265986160832433,
          0.0037748688685287366,
          0.6827254973443935
        ],
        [
          -0.0014703770404803085,
          0.008862558761604078,
          0.9999596457075435,
          0.0009475203439855741
        ],
        [
          0.0,
          0.0,
          0.0,
          1.0
        ]
      ],
      "delta_transform": [
        [
          0.9999057042831256,
          -0.005817871634947291,
          -0.012439248840079506,
          0.006643615997043955
        ],
        [
          -0.00564249044726961,
          -0.9998848396393551,
          0.014087929618385488,
          0.004698441542008864
        ],
        [
          -0.01251977809781893,
          -0.01401641284421137,
          -0.9998233820667339,
          -0.019118801753903465
        ],
        [
          0.0,
          0.0,
          0.0,
          1.0
        ]
      ],
      "dt_mm": 4.3336879271116695,
      "dr_deg": 0.6278137578144969
    },
    "1": {
      "support": 6,
      "raw_transform": [
        [
          0.5891320442274247,
          -0.8079407471063996,
          -0.012457272155989364,
          -0.278517
        ],
        [
          -0.8079161699126507,
          -0.589240461736498,
          0.008193939603847076,
          0.404474
        ],
        [
          -0.013960546482449319,
          0.005237119218735952,
          -0.9998888316829027,
          -0.017901
        ],
        [
          0.0,
          0.0,
          0.0,
          1.0
        ]
      ],
      "estimated_transform": [
        [
          0.5884694726084989,
          0.808498346908951,
          0.005839764838571688,
          -0.27823911825260306
        ],
        [
          -0.8085153415348909,
          0.5884741308668832,
          0.0010676156545392837,
          0.40162869423537517
        ],
        [
          -0.002573385046016119,
          -0.00534979868411628,
          0.9999823785164641,
          -0.00022958712073832275
        ],
        [
          0.0,
          0.0,
          0.0,
          1.0
        ]
      ],
      "delta_transform": [
        [
          0.9999347672733194,
          0.0009492040795169854,
          -0.011382451830308317,
          0.0022157749965719675
        ],
        [
          0.0009480106941602839,
          -0.9999995445613985,
          -0.00011023937491327028,
          0.0015446045919421392
        ],
        [
          -0.011382551285964975,
          9.944149763709432e-05,
          -0.9999352117200451,
          -0.017696224290175477
        ],
        [
          0.0,
          0.0,
          0.0,
          1.0
        ]
      ],
      "dt_mm": 1.3473040222205466,
      "dr_deg": 0.3337590050526855
    },
    "2": {
      "support": 3,
      "raw_transform": [
        [
          0.9459929231733284,
          -0.32384445749548857,
          -0.014904920510821163,
          -0.198444
        ],
        [
          -0.32388658565192985,
          -0.9460958130869253,
          -0.000438285437655805,
          0.324543
        ],
        [
          -0.01395954657989552,
          0.005242118736015602,
          -0.9998888194446627,
          -0.018102
        ],
        [
          0.0,
          0.0,
          0.0,
          1.0
        ]
      ],
      "estimated_transform": [
        [
          0.948074289462935,
          0.3180233284726081,
          -0.004037846772080604,
          -0.1970476732092185
        ],
        [
          -0.31797248760856384,
          0.9480483287326216,
          0.009892598814508005,
          0.3246251173022228
        ],
        [
          0.006974151086183239,
          -0.008094994409306,
          0.9999429145116937,
          0.00028528617433297513
        ],
        [
          0.0,
          0.0,
          0.0,
          1.0
        ]
      ],
      "delta_transform": [
        [
          0.9997612358303637,
          -0.006099315635592351,
          -0.020982604216864317,
          0.0010376403920482336
        ],
        [
          -0.0061596054051719085,
          -0.9999770816199726,
          -0.002809892534492554,
          -0.00043349519050304985
        ],
        [
          -0.02096498490809675,
          0.0029384661951836963,
          -0.9997758922999809,
          -0.01840608999628644
        ],
        [
          0.0,
          0.0,
          0.0,
          1.0
        ]
      ],
      "dt_mm": 3.3717645878055786,
      "dr_deg": 0.581904253992297
    },
    "3": {
      "support": 1,
      "raw_transform": [
        [
          -0.9141688989740356,
          0.40505991810045533,
          0.01488915367144244,
          -0.028755
        ],
        [
          0.4050929170570234,
          0.9142751133777579,
          -0.0008634861432312958,
          0.384449
        ],
        [
          -0.013962546287515044,
          0.0052421185164378175,
          -0.999888777562099,
          -0.018099
        ],
        [
          0.0,
          0.0,
          0.0,
          1.0
        ]
      ],
      "estimated_transform": [
        [
          -0.91988883785261,
          -0.39200621697830723,
          0.01164696718167586,
          -0.02212766966868681
        ],
        [
          0.39207136882834326,
          -0.9199266496612803,
          0.0038731108996938476,
          0.37584836553711515
        ],
        [
          0.009196071946427489,
          0.008129273850012012,
          0.9999246707464656,
          -0.001991523523261281
        ],
        [
          0.0,
          0.0,
          0.0,
          1.0
        ]
      ],
      "delta_transform": [
        [
          0.999630699991224,
          -0.014409383586161062,
          -0.02303981987174278,
          -0.009767456761106495
        ],
        [
          -0.01410079523536617,
          -0.9998094334454162,
          0.013500532111233572,
          -0.005094442866756518
        ],
        [
          -0.0232299635984596,
          -0.013170666582335167,
          -0.9996433875802867,
          -0.01599958309552051
        ],
        [
          0.0,
          0.0,
          0.0,
          1.0
        ]
      ],
      "dt_mm": 15.078793894559904,
      "dr_deg": 1.0119550176673302
    },
    "4": {
      "support": 3,