{
  "calibration_type": "unified_charuco_cube",
  "handeye_data_source": "charuco",
  "gripper_cam_idx": 2,
  "ref_fixed_cam_idx": 0,
  "fixed_cam_ids": [
    0,
    1,
    3
  ],
  "all_cam_ids": [
    0,
    1,
    2,
    3
  ],
  "selected_handeye_method": "HORAUD",
  "num_robot_poses": 18,
  "num_handeye_events": 18,
  "num_charuco_frames": 18,
  "num_cube_pnp_gripper": 18,
  "diagnostics": {
    "fixed_extrinsics": {
      "T_C0_C1": {
        "num_frames": 18,
        "num_inliers": 18,
        "inlier_ratio": 1.0,
        "translation_std_mm": 160.04835038881814,
        "rotation_std_deg": 48.2984214278474
      },
      "T_C0_C3": {
        "num_frames": 18,
        "num_inliers": 18,
        "inlier_ratio": 1.0,
        "translation_std_mm": 167.9191672113468,
        "rotation_std_deg": 37.044844328829605
      }
    },
    "handeye_methods": {
      "TSAI": {
        "score": 13.582693672726254,
        "mean_trans_mm": 3.186213872196759,
        "mean_rot_deg": 1.0396479800529497,
        "stability": {
          "num_frames": 18,
          "num_inliers": 14,
          "inlier_ratio": 0.7777777777777778,
          "translation_std_mm": 0.8456353908518224,
          "rotation_std_deg": 0.34827416092107666
        }
      },
      "PARK": {
        "score": 5.858602284720215,
        "mean_trans_mm": 1.9024857018117851,
        "mean_rot_deg": 0.395611658290843,
        "stability": {
          "num_frames": 18,
          "num_inliers": 18,
          "inlier_ratio": 1.0,
          "translation_std_mm": 1.155239881641987,
          "rotation_std_deg": 0.2246535778491628
        }
      },
      "HORAUD": {
        "score": 5.858559730447086,
        "mean_trans_mm": 1.9142728339679889,
        "mean_rot_deg": 0.3944286896479097,
        "stability": {
          "num_frames": 18,
          "num_inliers": 18,
          "inlier_ratio": 1.0,
          "translation_std_mm": 1.1475192553034845,
          "rotation_std_deg": 0.22605085478616013
        }
      },
      "ANDREFF": {
        "score": 7.827384465517133,
        "mean_trans_mm": 3.886260508595615,
        "mean_rot_deg": 0.3941123956921518,
        "stability": {
          "num_frames": 18,
          "num_inliers": 18,
          "inlier_ratio": 1.0,
          "translation_std_mm": 1.1764966673544242,
          "rotation_std_deg": 0.22621376347140978
        }
      },
      "DANIILIDIS": {
        "score": 6.645232834335619,
        "mean_trans_mm": 2.673987394905764,
        "mean_rot_deg": 0.3971245439429855,
        "stability": {
          "num_frames": 18,
          "num_inliers": 18,
          "inlier_ratio": 1.0,
          "translation_std_mm": 1.832011124228965,
          "rotation_std_deg": 0.22270262562012827
        }
      }
    },
    "base_transforms": {
      "T_base_C0": {
        "num_frames": 17,
        "num_inliers": 17,
        "inlier_ratio": 1.0,
        "translation_std_mm": 1.5941203151850611,
        "rotation_std_deg": 0.2683752783126587
      },
      "T_base_C1": {
        "num_frames": 17,
        "num_inliers": 17,
        "inlier_ratio": 1.0,
        "translation_std_mm": 1.4439621645638667,
        "rotation_std_deg": 0.2206890175717061
      },
      "T_base_C3": {
        "num_frames": 18,
        "num_inliers": 8,
        "inlier_ratio": 0.4444444444444444,
        "translation_std_mm": 10.197463164736549,
        "rotation_std_deg": 0.8290278639759386
      }
    }
  },
  "transforms": {
    "T_C0_C0": [
      1.0,
      0.0,
      0.0,
      0.0,
      0.0,
      1.0,
      0.0,
      0.0,
      0.0,
      0.0,
      1.0,
      0.0,
      0.0,
      0.0,
      0.0,
      1.0
    ],
    "T_C0_C1": [
      0.6481037556469759,
      0.746899738055869,
      0.1486684337993776,
      -0.14134071713995283,
      -0.47485586774364213,
      0.5489614234789569,
      -0.6878613671383134,
      0.30083506902986124,
      -0.5953767099792516,
      0.37520945726891275,
      0.7104536834940404,
      0.29214800512635114,
      0.0,
      0.0,
      0.0,
      1.0
    ],
    "T_C0_C3": [
      0.6579080444994798,
      -0.017874489010661018,
      0.7528861186298215,
      -0.5070326422872926,
      0.04574092340301003,
      0.99882103886459,
      -0.01625731366803312,
      0.0593547651926005,
      -0.7517079039820653,
      0.04513352372758632,
      0.6579499921170462,
      0.1318792725109804,
      0.0,
      0.0,
      0.0,
      1.0
    ],
    "T_gripper_cam": [
      -0.9999401777975955,
      -0.006202069905221591,
      0.0090097255787392,
      0.03519802978089225,
      0.007721603214803056,
      -0.9836639525669444,
      0.17984884004121252,
      0.031276485836947476,
      0.007747107196017484,
      0.17990765061349462,
      0.9836529975457943,
      -0.1150375580729922,
      0.0,
      0.0,
      0.0,
      1.0
    ],
    "T_base_O": [
      -0.17499374273164253,
      0.07673555529075937,
      0.9815746759971908,
      -0.10679489838060034,
      -0.9647651815743227,
      0.18559034802228233,
      -0.18650567589977465,
      0.5374443897121421,
      -0.19648240233322534,
      -0.9796263967835835,
      0.04155464231800868,
      0.011833606301411437,
      0.0,
      0.0,
      0.0,
      1.0
    ],
    "T_base_C0": [
      0.6775660310951803,
      -0.07148406100942424,
      0.7319797145601274,
      -0.43542700584307764,
      -0.7349436103447909,
      -0.10317002014172123,
      0.6702341654655637,
      0.14436308817776686,
      0.027607301919758957,
      -0.9920917175168621,
      -0.12244125495580942,
      0.10115534404302864,
      0.0,
      0.0,
      0.0,
      1.0
    ],
    "T_base_C1": [
      -0.044907803566834104,
      0.21530806876513428,
      -0.9755130571670637,
      0.262041211182151,
      0.9987576194588961,
      0.030788971899668737,
      -0.03918235294313543,
      0.5050173398976027,
      0.021598767363016247,
      -0.9760606921365027,
      -0.21642323931225307,
      0.16244707247747225,
      0.0,
      0.0,
      0.0,
      1.0
    ],
    "T_base_C3": [
      -0.9298220621148585,
      -0.06551735040622109,
      0.3621303765223532,
      -0.2841712607595832,
      -0.3678605225555973,
      0.19346004252640292,
      -0.9095338629709209,
      0.9502054661272508,
      -0.010467509235526806,
      -0.9789181215716827,
      -0.20398466243561852,
      0.11970348999897477,
      0.0,
      0.0,
      0.0,
      1.0
    ]
  }
}