{
  "object": "box",
  "pass": false,
  "best_params": {
    "seg": "color_seg",
    "s_max": 30,
    "v_min": 130,
    "voxel_mm": 2.0,
    "max_corr_mm": 8.0
  },
  "n_views_used": 76,
  "n_points_clean": 44961,
  "icp_fit": 0.803375,
  "icp_rmse_m": 0.002791922270144166,
  "extent_mm": [
    109.48168900947186,
    173.60422928655905,
    67.27417846595351
  ],
  "model_extent_mm": [
    148.6050894438855,
    107.0651787466097,
    115.94254712571964
  ],
  "extent_ratio": 1.1682245413920311,
  "T_base_object_4x4": [
    [
      0.3774613210726263,
      0.8652116517419484,
      -0.33004810071274826,
      -0.06892781951887281
    ],
    [
      -0.9195809812295053,
      0.30824341421098456,
      -0.24363254412444146,
      0.6130309960317019
    ],
    [
      -0.1090585625024524,
      0.3954678182678617,
      0.9119821460200718,
      0.02768620394474913
    ],
    [
      0.0,
      0.0,
      0.0,
      1.0
    ]
  ],
  "position_mm": [
    -68.92781951887281,
    613.0309960317019,
    27.686203944749128
  ],
  "euler_zyx_deg": [
    -67.68327212548374,
    6.26104867901175,
    23.443266229522322
  ]
}