{
  "cube_side_m": 0.03,
  "marker_size_m": 0.022,
  "dictionary_name": "DICT_4X4_50",
  "marker_ids": [
    0,
    1,
    2,
    3,
    4
  ],
  "id_to_face": {
    "0": "+Z",
    "1": "+Y",
    "2": "-X",
    "3": "-Y",
    "4": "+X"
  },
  "corner_reorder": {
    "0": [
      0,
      1,
      2,
      3
    ],
    "1": [
      1,
      0,
      3,
      2
    ],
    "2": [
      3,
      2,
      1,
      0
    ],
    "3": [
      0,
      3,
      2,
      1
    ],
    "4": [
      1,
      0,
      3,
      2
    ]
  },
  "face_roll_deg": {
    "0": 0.0,
    "1": 0.0,
    "2": 0.0,
    "3": 0.0,
    "4": 0.0
  },
  "marker_pose_4x4": {
    "0": [
      [
        -0.08014968672139583,
        -0.9960157667787768,
        -0.03909757085225798,
        0.0005613060356484763
      ],
      [
        -0.9796059816291636,
        0.08595821979093489,
        -0.1816130645265811,
        -9.878495261138727e-05
      ],
      [
        0.18425023331009618,
        0.023743984047723786,
        -0.9825925273208201,
        0.008705829264882224
      ],
      [
        0.0,
        0.0,
        0.0,
        1.0
      ]
    ],
    "1": [
      [
        0.9976453915866578,
        -0.023838134667086636,
        0.06430720007509269,
        -0.002781852687395829
      ],
      [
        -0.06778340188289568,
        -0.19992516586028689,
        0.9774637274522869,
        0.012265525863900478
      ],
      [
        -0.010444284326176612,
        -0.9795211439225449,
        -0.201070250244991,
        -0.0069716615204459004
      ],
      [
        0.0,
        0.0,
        0.0,
        1.0
      ]
    ],
    "2": [
      [
        -0.07267061848228924,
        0.0380960126737589,
        -0.9966281528372369,
        -0.014245372966849218
      ],
      [
        -0.982406401199609,
        0.16963275064821962,
        0.07811781352260193,
        -0.0007528205720059644
      ],
      [
        0.17203675215323816,
        0.9847707467862152,
        0.025098449806424034,
        -0.005870191497930705
      ],
      [
        0.0,
        0.0,
        0.0,
        1.0
      ]
    ],
    "3": [
      [
        -0.0409702960067968,
        0.9948596417246331,
        -0.0926052272425837,
        0.0008134357265093888
      ],
      [
        -0.17322367113847406,
        -0.09835195357753745,
        -0.9799594139477369,
        -0.014586413295100856
      ],
      [
        -0.9840299764755267,
        -0.024107809834512453,
        0.17636274805796637,
        -0.005587993387879275
      ],
      [
        0.0,
        0.0,
        0.0,
        1.0
      ]
    ],
    "4": [
      [
        -0.08964387102479658,
        -0.07335292681473728,
        0.9932690091387133,
        0.013893271246562273
      ],
      [
        -0.9806630009582649,
        -0.16769381467391123,
        -0.10089035172722033,
        -0.004210544841591007
      ],
      [
        0.1739656717264067,
        -0.9831063689386942,
        -0.056901778644928125,
        -0.0063164874222543365
      ],
      [
        0.0,
        0.0,
        0.0,
        1.0
      ]
    ]
  }
}