{
  "source": "set_cube_center_6dof_aligned_to_cube_object",
  "support": 3,
  "T_set_cube_center_to_object": [
    [
      -0.9816996852284762,
      -0.1896017514483338,
      0.017801794011700303,
      -0.08054769902194817
    ],
    [
      -0.18944631239287502,
      0.9818395310030598,
      0.010061316038820173,
      -0.21183886424849943
    ],
    [
      -0.019386148226296376,
      0.006504706558799756,
      -0.9997909111656956,
      -0.019532141306824586
    ],
    [
      0.0,
      0.0,
      0.0,
      1.0
    ]
  ],
  "per_set": {
    "0": {
      "support": 4,
      "raw_transform": [
        [
          -0.260477148564845,
          0.9654408985045831,
          0.008690602406670567,
          0.001088
        ],
        [
          0.96537907488066,
          0.26056952140873313,
          -0.012114714003421786,
          0.674856
        ],
        [
          -0.013960546482449319,
          0.005234119552217366,
          -0.9998888473897609,
          -0.018101
        ],
        [
          0.0,
          0.0,
          0.0,
          1.0
        ]
      ],
      "estimated_transform": [
        [
          -0.2501688745402207,
          -0.9681979731513529,
          -0.0028668792950418127,
          0.010970921195188325
        ],
        [
          0.9681958985995784,
          -0.2501554471729478,
          -0.004353640391293871,
          0.6637593938339814
        ],
        [
          0.003498020330638507,
          -0.0038648460920825967,
          0.9999864133169264,
          -0.004387768802095243
        ],
        [
          0.0,
          0.0,
          0.0,
          1.0
        ]
      ],
      "delta_transform": [
        [
          0.999790501717801,
          0.010752568488064634,
          -0.017416513594186996,
          -0.013478150728842665
        ],
        [
          0.01077738797060615,
          -0.9999410353436979,
          0.0013318199222393135,
          0.0067217156521290015
        ],
        [
          -0.017401166150521247,
          -0.0015192454323530737,
          -0.9998474340167695,
          -0.013491386187628535
        ],
        [
          0.0,
          0.0,
          0.0,
          1.0
        ]
      ],
      "dt_mm": 228.69967668790062,
      "dr_deg": 169.68668344858423
    },
    "1": {
      "support": 6,
      "raw_transform": [
        [
          -0.260477148564845,
          0.9654408985045831,
          0.008690602406670567,
          0.001088
        ],
        [
          0.96537907488066,
          0.26056952140873313,
          -0.012114714003421786,
          0.674856
        ],
        [
          -0.013960546482449319,
          0.005234119552217366,
          -0.9998888473897609,
          -0.018101
        ],
        [
          0.0,
          0.0,
          0.0,
          1.0
        ]
      ],
      "estimated_transform": [
        [
          0.5845453525097287,
          0.8113043512252803,
          -0.009590648685229474,
          -0.2941031304762246
        ],
        [
          -0.8107451555703755,
          0.5845213101472102,
          0.032048879901737874,
          0.3939523105882414
        ],
        [
          0.03160733425082839,
          -0.010958451839376986,
          0.9994402877385122,
          0.007102265682589375
        ],
        [
          0.0,
          0.0,
          0.0,
          1.0
        ]
      ],
      "delta_transform": [
        [
          -0.9353783705360672,
          0.3531113835888119,
          0.019484730259510814,
          -0.194639851228879
        ],
        [
          0.3532539497384449,
          0.9355174819988422,
          0.004322946765097958,
          -0.3580526132438303
        ],
        [
          -0.016701824076399766,
          0.010926648824812726,
          -0.9998008088704369,
          -0.024362785163037214
        ],
        [
          0.0,
          0.0,
          0.0,
          1.0
        ]
      ],
      "dt_mm": 185.5230840368515,
      "dr_deg": 31.608822433851028
    },
    "4": {
      "support": 3,
      "raw_transform": [
        [
          -0.260477148564845,
          0.9654408985045831,
          0.008690602406670567,
          0.001088
        ],
        [
          0.96537907488066,
          0.26056952140873313,
          -0.012114714003421786,
          0.674856
        ],
        [
          -0.013960546482449319,
          0.005234119552217366,
          -0.9998888473897609,
          -0.018101
        ],
        [
          0.0,
          0.0,
          0.0,
          1.0
        ]
      ],
      "estimated_transform": [
        [
          -0.7647238309260188,
          0.6443564691062268,
          0.001484296058332736,
          -0.21776983034838976
        ],
        [
          -0.6441195894486977,
          -0.7645013253632846,
          0.025449518781743036,
          0.6763337042695001
        ],
        [
          0.017533308366483258,
          0.01850578933028435,
          0.9996750066191453,
          -0.0020939353714014017
        ],
        [
          0.0,
          0.0,
          0.0,
          1.0
        ]
      ],
      "delta_transform": [
        [
          -0.4228712650217417,
          -0.9061320688884876,
          0.010225798295527114,
          0.05821054100107933
        ],
        [
          -0.9060418241575834,
          0.42297920553866586,
          0.013296787547253209,
          -0.21082547279207958
        ],
        [
          -0.01637394564880376,
          -0.00364217157031433,
          -0.9998593043474376,
          -0.017925193753333905
        ],
        [
          0.0,
          0.0,
          0.0,
          1.0
        ]
      ],
      "dt_mm": 138.77124492117133,
      "dr_deg": 54.05061758199008
    }
  }
}