{
  "calibration_type": "unified_charuco_cube",
  "handeye_data_source": "charuco",
  "gripper_cam_idx": 2,
  "ref_fixed_cam_idx": 0,
  "fixed_cam_ids": [
    0,
    1,
    3
  ],
  "all_cam_ids": [
    0,
    1,
    2,
    3
  ],
  "selected_handeye_method": "HORAUD",
  "num_robot_poses": 18,
  "num_handeye_events": 18,
  "num_charuco_frames": 18,
  "num_cube_pnp_gripper": 18,
  "t_base_o_source": "board_anchor",
  "cube_config_source": "json_config",
  "cube_config_used": {
    "cube_side_m": 0.03,
    "marker_size_m": 0.022,
    "dictionary_name": "DICT_4X4_50",
    "marker_ids": [
      0,
      1,
      2,
      3,
      4
    ],
    "id_to_face": {
      "0": "+Y",
      "1": "+Z",
      "2": "-X",
      "3": "-Z",
      "4": "+X"
    },
    "corner_reorder": {
      "0": [
        0,
        1,
        2,
        3
      ],
      "1": [
        0,
        2,
        3,
        1
      ],
      "2": [
        3,
        2,
        1,
        0
      ],
      "3": [
        2,
        0,
        1,
        3
      ],
      "4": [
        1,
        0,
        3,
        2
      ]
    },
    "face_roll_deg": {
      "0": 0.0,
      "1": 0.0,
      "2": 0.0,
      "3": 0.0,
      "4": 0.0
    },
    "marker_pose_4x4": {
      "0": [
        [
          -0.023320344615789804,
          -0.6898865885657477,
          -0.723541744783337,
          0.0025220847478605035
        ],
        [
          -0.08512932599773253,
          -0.7197395624806546,
          0.6890050508198964,
          0.08346055934741414
        ],
        [
          -0.9960969628415561,
          0.07766245629176867,
          -0.041945005668810285,
          -0.015214905117367472
        ],
        [
          0.0,
          0.0,
          0.0,
          1.0
        ]
      ],
      "1": [
        [
          0.44579307700292325,
          -0.6428259870474371,
          0.6229312023592608,
          0.005548572151388764
        ],
        [
          0.23289690324876677,
          0.7552334574164614,
          0.6126838150758622,
          -0.17776037315268234
        ],
        [
          -0.8643075638645082,
          -0.12805145518605565,
          0.4863900285484204,
          0.3436663432907361
        ],
        [
          0.0,
          0.0,
          0.0,
          1.0
        ]
      ],
      "2": [
        [
          -0.024696755925498592,
          0.7216070855994418,
          -0.6918621858863483,
          -0.01932306265999168
        ],
        [
          -0.07280102369924984,
          -0.6915339316002225,
          -0.7186660089317427,
          0.08276790505818159
        ],
        [
          -0.9970406617561282,
          0.032619556376787,
          0.06961237926320248,
          -0.01525570698080111
        ],
        [
          0.0,
          0.0,
          0.0,
          1.0
        ]
      ],
      "3": [
        [
          -0.22217815481835212,
          0.7260547728871826,
          -0.6507544347057914,
          -0.0035848549656198048
        ],
        [
          -0.39020051185854304,
          -0.6778693592311954,
          -0.623086424471614,
          -0.08298019593669946
        ],
        [
          -0.8935213640796974,
          0.11548852143494882,
          0.43391470745980243,
          -0.2843552620076066
        ],
        [
          0.0,
          0.0,
          0.0,
          1.0
        ]
      ],
      "4": [
        [
          -0.037263375659488625,
          -0.7476980096261601,
          0.6629925544344664,
          0.003133741597647618
        ],
        [
          -0.0873353142909999,
          0.6633514289032632,
          0.7431940693047082,
          0.10505906221073213
        ],
        [
          -0.995481784721424,
          -0.030208743321721344,
          -0.0900191541549364,
          -0.015971174853258645
        ],
        [
          0.0,
          0.0,
          0.0,
          1.0
        ]
      ]
    }
  },
  "cube_config_selection": {
    "mode": "explicit_json",
    "chosen_source": "json_config",
    "path": "/Users/woo/Documents/GitHub/Robot-Lab/rb-ArucoCube_Robot_multi_calibration/data(1)/data/session/cube_config_explicit_marker_pose.json",
    "candidates": []
  },
  "diagnostics": {
    "fixed_extrinsics": {
      "T_C0_C1": {
        "num_frames": 16,
        "num_inliers": 15,
        "inlier_ratio": 0.9375,
        "translation_std_mm": 33.68205695695448,
        "rotation_std_deg": 4.98900511039965
      },
      "T_C0_C3": {
        "num_frames": 13,
        "num_inliers": 13,
        "inlier_ratio": 1.0,
        "translation_std_mm": 130.59831037221633,
        "rotation_std_deg": 27.910277322861713
      }
    },
    "fixed_extrinsics_refined": {
      "T_C0_C1": {
        "method": "from_base_transforms"
      },
      "T_C0_C3": {
        "method": "from_base_transforms"
      }
    },
    "handeye_methods": {
      "TSAI": {
        "score": 13.582693672726254,
        "mean_trans_mm": 3.186213872196759,
        "mean_rot_deg": 1.0396479800529497,
        "stability": {
          "num_frames": 18,
          "num_inliers": 14,
          "inlier_ratio": 0.7777777777777778,
          "translation_std_mm": 0.8456353908518224,
          "rotation_std_deg": 0.34827416092107666
        }
      },
      "PARK": {
        "score": 5.858602284720215,
        "mean_trans_mm": 1.9024857018117851,
        "mean_rot_deg": 0.395611658290843,
        "stability": {
          "num_frames": 18,
          "num_inliers": 18,
          "inlier_ratio": 1.0,
          "translation_std_mm": 1.155239881641987,
          "rotation_std_deg": 0.2246535778491628
        }
      },
      "HORAUD": {
        "score": 5.858559730447086,
        "mean_trans_mm": 1.9142728339679889,
        "mean_rot_deg": 0.3944286896479097,
        "stability": {
          "num_frames": 18,
          "num_inliers": 18,
          "inlier_ratio": 1.0,
          "translation_std_mm": 1.1475192553034845,
          "rotation_std_deg": 0.22605085478616013
        }
      },
      "ANDREFF": {
        "score": 7.827384465517133,
        "mean_trans_mm": 3.886260508595615,
        "mean_rot_deg": 0.3941123956921518,
        "stability": {
          "num_frames": 18,
          "num_inliers": 18,
          "inlier_ratio": 1.0,
          "translation_std_mm": 1.1764966673544242,
          "rotation_std_deg": 0.22621376347140978
        }
      },
      "DANIILIDIS": {
        "score": 6.645232834335619,
        "mean_trans_mm": 2.673987394905764,
        "mean_rot_deg": 0.3971245439429855,
        "stability": {
          "num_frames": 18,
          "num_inliers": 18,
          "inlier_ratio": 1.0,
          "translation_std_mm": 1.832011124228965,
          "rotation_std_deg": 0.22270262562012827
        }
      }
    },
    "base_transforms": {
      "T_base_C0": {
        "num_frames": 17,
        "num_inliers": 17,
        "inlier_ratio": 1.0,
        "translation_std_mm": 1.5941203151850611,
        "rotation_std_deg": 0.2683752783126587
      },
      "T_base_C1": {
        "num_frames": 17,
        "num_inliers": 17,
        "inlier_ratio": 1.0,
        "translation_std_mm": 1.4439621645638667,
        "rotation_std_deg": 0.2206890175717061
      },
      "T_base_C3": {
        "num_frames": 4,
        "num_inliers": 4,
        "inlier_ratio": 1.0,
        "translation_std_mm": 5.817589531738244,
        "rotation_std_deg": 0.5868866408653252,
        "method": "cube_anchor",
        "support": 4,
        "total_keys": 15,
        "used_id_counts": {
          "[2]": 4
        },
        "source_counts": {
          "ippe0": 4
        },
        "dominant_signature": {
          "used_ids": [
            2
          ],
          "source": "ippe0",
          "support": 4
        },
        "event_ids": [
          9,
          10,
          11,
          12
        ],
        "event_span": 4
      }
    },
    "cube_anchor": {
      "support": 8,
      "total_keys": 34,
      "stability": {
        "num_frames": 8,