{
  "source": "set_cube_center_6dof_aligned_to_cube_object",
  "support": 6,
  "T_set_cube_center_to_object": [
    [
      -0.9997416572654314,
      -0.003505567123003404,
      -0.02245728673092775,
      -0.0015437022435171388
    ],
    [
      -0.0043957791773003765,
      0.9992014059202917,
      0.039714324019638016,
      -0.0001756607545866511
    ],
    [
      0.022300131246102414,
      0.03980278138595995,
      -0.9989586791956654,
      -0.021955803909688404
    ],
    [
      0.0,
      0.0,
      0.0,
      1.0
    ]
  ],
  "per_set": {
    "1": {
      "support": 3,
      "raw_transform": [
        [
          -0.48890362835559326,
          0.8703989357340508,
          0.05812860615710601,
          -0.229635
        ],
        [
          0.8718917052432139,
          0.48969829876814,
          0.0006561338815728258,
          0.333017
        ],
        [
          -0.027894381312678,
          0.05100263578111834,
          -0.998308887386345,
          -0.019521
        ],
        [
          0.0,
          0.0,
          0.0,
          1.0
        ]
      ],
      "estimated_transform": [
        [
          0.4867032125854847,
          0.8734280717776399,
          -0.015600842597779179,
          -0.23359736391945374
        ],
        [
          -0.8735603222745884,
          0.4865498237121766,
          -0.012713472899500996,
          0.33223495274589243
        ],
        [
          -0.003513716904497668,
          0.019815965190776837,
          0.999797470149366,
          0.0011764610346710045
        ],
        [
          0.0,
          0.0,
          0.0,
          1.0
        ]
      ],
      "delta_transform": [
        [
          -0.9995029526270106,
          -0.0033561520066332424,
          -0.03134619488224779,
          0.0006780107128162016
        ],
        [
          -0.004334254259982659,
          0.9995041515085696,
          0.031187583380929723,
          -0.002776179481631093
        ],
        [
          0.031225981648257507,
          0.03130794405324283,
          -0.9990218970119032,
          -0.020893299116670105
        ],
        [
          0.0,
          0.0,
          0.0,
          1.0
        ]
      ],
      "dt_mm": 3.5815670516179288,
      "dr_deg": 0.7060802866010859
    },
    "2": {
      "support": 3,
      "raw_transform": [
        [
          -0.9005852355517657,
          0.4321054579530749,
          0.04723459233797037,
          -0.089479
        ],
        [
          0.43378409240077576,
          0.9003793034969767,
          0.03388909875364634,
          0.347526
        ],
        [
          -0.02788538481366407,
          0.05100963675093676,
          -0.9983087810253558,
          -0.019519
        ],
        [
          0.0,
          0.0,
          0.0,
          1.0
        ]
      ],
      "estimated_transform": [
        [
          0.8961952024097819,
          0.4435006704084621,
          -0.011887578598456922,
          -0.09143755995586147
        ],
        [
          -0.44365970960516865,
          0.895844527650611,
          -0.025072781088495973,
          0.3463008431290471
        ],
        [
          -0.0004703729873083946,
          0.027744145791480865,
          0.9996149464286507,
          0.00219992360835856
        ],
        [
          0.0,
          0.0,
          0.0,
          1.0
        ]
      ],
      "delta_transform": [
        [
          -0.9995395753966886,
          -0.011580706549770775,
          -0.02804504326285822,
          0.0006267560753192014
        ],
        [
          -0.012235175526565278,
          0.9996541509357679,
          0.023278294540701006,
          -0.0008415359329154715
        ],
        [
          0.027765764812834375,
          0.023610712668142464,
          -0.9993355775472329,
          -0.02181622339591628
        ],
        [
          0.0,
          0.0,
          0.0,
          1.0
        ]
      ],
      "dt_mm": 2.2745904657202196,
      "dr_deg": 1.0874852430292548
    },
    "4": {
      "support": 3,
      "raw_transform": [
        [
          0.5106169494045047,
          0.8592971568870218,
          0.029643332247214764,
          -0.00925
        ],
        [
          0.8593558062666455,
          -0.5089264273414036,
          -0.05001489567437752,
          0.398577
        ],
        [
          -0.02789138247992437,
          0.05101262313777051,
          -0.9983084608796837,
          -0.01712
        ],
        [
          0.0,
          0.0,
          0.0,
          1.0
        ]
      ],
      "estimated_transform": [
        [
          -0.5107653855162734,
          0.8596441389863997,
          -0.011431328214326186,
          -0.004821436095717084
        ],
        [
          -0.8593223642620046,
          -0.5108883632724075,
          -0.023625294749461838,
          0.3940150735596127
        ],
        [
          -0.026149478724647894,
          -0.002243786792854895,
          0.9996555257603778,
          0.001959591034829981
        ],
        [
          0.0,
          0.0,
          0.0,
          1.0
        ]
      ],
      "delta_transform": [
        [
          -0.9985397810843105,
          -2.3431193866240705e-05,
          -0.05402133877530439,
          -0.002191174354373271
        ],
        [
          -0.0029013363354366923,
          0.9985798926060632,
          0.05319567962092234,
          0.007100437284225991
        ],
        [
          0.053943376234397246,
          0.05327473635638479,
          -0.9971218153398272,
          -0.018687875494012095
        ],
        [
          0.0,
          0.0,
          0.0,
          1.0
        ]
      ],
      "dt_mm": 8.002510789416936,
      "dr_deg": 1.9767560706639289
    },
    "5": {
      "support": 3,
      "raw_transform": [
        [
          -0.9979717152700369,
          -0.05858902391066749,
          0.024895417212334195,
          -0.009194
        ],
        [
          -0.05722006578092385,
          0.9969782087953304,
          0.05253870248951446,
          0.607198
        ],
        [
          -0.02789837975595898,
          0.0510076216309896,
          -0.9983085209205332,
          -0.018025
        ],
        [
          0.0,
          0.0,
          0.0,
          1.0
        ]
      ],
      "estimated_transform": [
        [
          0.9979338608067734,
          -0.06290116345635914,
          -0.013094009742045196,
          -0.007699060461842516
        ],
        [
          0.06269088493710484,
          0.9979064229092098,
          -0.0158941518285549,
          0.6068179856593297
        ],
        [
          0.014066357065390677,
          0.015040437240415074,
          0.9997879389383165,
          0.003948876657828078
        ],
        [
          0.0,
          0.0,
          0.0,
          1.0
        ]
      ],
      "delta_transform": [
        [
          -0.9998893719265445,
          0.005253706995123528,
          -0.013915547820735362,
          -0.002083198485259858
        ],
        [
          0.004750966759234021,
          0.9993434527590567,
          0.03591784713010209,
          0.0006543821213044199
        ],
        [
          0.014095113450924738,
          0.03584776130273841,
          -0.9992578575054534,
          -0.02191945662204316
        ],
        [
          0.0,
          0.0,
          0.0,
          1.0
        ]
      ],
      "dt_mm": 0.9906303528517331,
      "dr_deg": 0.7369392776146697
    },
    "6": {
      "support": 4,