{
  "1": {
    "transform_key": "T_base_O_set1",
    "transform": [
      [
        0.48578698912770735,
        0.8740019727060915,
        -0.011469651263098913,
        -0.23392069518511
      ],
      [
        -0.8740583967824985,
        0.48582083445731106,
        0.00018926492173413983,
        0.3300314546265459
      ],
      [
        0.005737613462532857,
        0.009933202558201808,
        0.9999342034747548,
        0.0020273695855954456
      ],
      [
        0.0,
        0.0,
        0.0,
        1.0
      ]
    ],
    "source": "fixed_translation+gripper_rotation",
    "support": 3,
    "events": [
      0,
      1,
      2
    ],
    "stability": {
      "num_frames": 3,
      "num_inliers": 3,
      "inlier_ratio": 1.0,
      "translation_std_mm": 0.5319734056550821,
      "rotation_std_deg": 0.15496167687135942,
      "prior_blend_dt_mm": 5.261824253283629,
      "prior_blend_dr_deg": 0.11669853872732971,
      "prior_blend_alpha": 0.25
    },
    "fixed_support": 3,
    "gripper_support": 3,
    "fixed_stability": {
      "num_frames": 3,
      "num_inliers": 3,
      "inlier_ratio": 1.0,
      "translation_std_mm": 0.5319734056550821,
      "rotation_std_deg": 0.12606246298248738
    },
    "gripper_stability": {
      "num_frames": 3,
      "num_inliers": 3,
      "inlier_ratio": 1.0,
      "translation_std_mm": 0.28029415225701926,
      "rotation_std_deg": 0.15496167687135942
    }
  },
  "2": {
    "transform_key": "T_base_O_set2",
    "transform": [
      [
        0.8966231593267369,
        0.4427234061659666,
        -0.007930686713336011,
        -0.09155946479874913
      ],
      [
        -0.44278853703334214,
        0.8965598268261912,
        -0.010899008820183822,
        0.3426953331482532
      ],
      [
        0.002285088797616636,
        0.013283920889351283,
        0.9999091537809781,
        0.0021627526702879905
      ],
      [
        0.0,
        0.0,
        0.0,
        1.0
      ]
    ],
    "source": "fixed_translation+gripper_rotation",
    "support": 3,
    "events": [
      3,
      4,
      5
    ],
    "stability": {
      "num_frames": 3,
      "num_inliers": 3,
      "inlier_ratio": 1.0,
      "translation_std_mm": 1.2528547991635506,
      "rotation_std_deg": 0.3318108103149297,
      "prior_blend_dt_mm": 5.375192619175838,
      "prior_blend_dr_deg": 0.5750346854178043,
      "prior_blend_alpha": 0.25
    },
    "fixed_support": 3,
    "gripper_support": 3,
    "fixed_stability": {
      "num_frames": 3,
      "num_inliers": 3,
      "inlier_ratio": 1.0,
      "translation_std_mm": 1.2528547991635506,
      "rotation_std_deg": 0.13405040743997032
    },
    "gripper_stability": {
      "num_frames": 3,
      "num_inliers": 3,
      "inlier_ratio": 1.0,
      "translation_std_mm": 0.44395697671135165,
      "rotation_std_deg": 0.3318108103149297
    }
  },
  "4": {
    "transform_key": "T_base_O_set4",
    "transform": [
      [
        -0.5123021128641585,
        0.8587768610909492,
        -0.006989135117837562,
        -0.007235752500767392
      ],
      [
        -0.8587681180823125,
        -0.5123386968820515,
        -0.005136053208931736,
        0.3946122736634089
      ],
      [
        -0.007991528031767982,
        0.0033708355014499107,
        0.9999623857664545,
        0.002450636906491634
      ],
      [
        0.0,
        0.0,
        0.0,
        1.0
      ]
    ],
    "source": "fixed_translation+gripper_rotation",
    "support": 3,
    "events": [
      6,
      7,
      8
    ],
    "stability": {
      "num_frames": 3,
      "num_inliers": 3,
      "inlier_ratio": 1.0,
      "translation_std_mm": 0.5911643777160602,
      "rotation_std_deg": 0.37285763423858864,
      "prior_blend_dt_mm": 7.694261341952772,
      "prior_blend_dr_deg": 1.195699201351673,
      "prior_blend_alpha": 0.25
    },
    "fixed_support": 3,
    "gripper_support": 3,
    "fixed_stability": {
      "num_frames": 3,
      "num_inliers": 3,
      "inlier_ratio": 1.0,
      "translation_std_mm": 0.5911643777160602,
      "rotation_std_deg": 0.1964695904984437
    },
    "gripper_stability": {
      "num_frames": 3,
      "num_inliers": 3,
      "inlier_ratio": 1.0,
      "translation_std_mm": 0.3357639480940522,
      "rotation_std_deg": 0.37285763423858864
    }
  },
  "5": {
    "transform_key": "T_base_O_set5",
    "transform": [
      [
        0.9981966453724969,
        -0.05956860865259816,
        -0.007418762045492212,
        -0.008809026704015344
      ],
      [
        0.05953076331259954,
        0.9982128128769259,
        -0.0052219180149354946,
        0.6063367204598205
      ],
      [
        0.007716565720143054,
        0.0047708564775160636,
        0.9999588459241499,
        0.003201753551331455
      ],
      [
        0.0,
        0.0,
        0.0,
        1.0
      ]
    ],
    "source": "fixed_translation+gripper_rotation",
    "support": 3,
    "events": [
      9,
      10,
      11
    ],
    "stability": {
      "num_frames": 3,
      "num_inliers": 3,
      "inlier_ratio": 1.0,
      "translation_std_mm": 0.07328994656433355,
      "rotation_std_deg": 0.28630575908559175,
      "prior_blend_dt_mm": 1.3690570033120564,
      "prior_blend_dr_deg": 0.6774791558826239,
      "prior_blend_alpha": 0.25
    },
    "fixed_support": 3,
    "gripper_support": 3,
    "fixed_stability": {
      "num_frames": 3,
      "num_inliers": 3,
      "inlier_ratio": 1.0,
      "translation_std_mm": 0.07328994656433355,
      "rotation_std_deg": 0.039100048474949446
    },
    "gripper_stability": {
      "num_frames": 3,
      "num_inliers": 3,
      "inlier_ratio": 1.0,
      "translation_std_mm": 1.1507854596056328,
      "rotation_std_deg": 0.28630575908559175
    }
  },
  "6": {
    "transform_key": "T_base_O_set6",
    "transform": [
      [
        0.29136030123275025,
        -0.9566120181784378,
        0.0016191177034039,
        -0.09716952169772969
      ],
      [
        0.9566125794176258,
        0.2913574363098906,
        -0.0017936574045132306,
        0.6673221003692211
      ],
      [
        0.0012440922465043682,
        0.0020714689243212588,
        0.9999970806212276,
        0.001743878171844238
      ],
      [
        0.0,
        0.0,
        0.0,
        1.0
      ]
    ],
    "source": "fixed_translation+gripper_rotation",
    "support": 4,
    "events": [
      12,
      13,
      14,
      15
    ],
    "stability": {
      "num_frames": 4,
      "num_inliers": 3,
      "inlier_ratio": 0.75,
      "translation_std_mm": 0.016730985190643814,
      "rotation_std_deg": 0.15391101038694965,
      "prior_blend_dt_mm": 0.9642307531728197,
      "prior_blend_dr_deg": 0.7761927489700159,
      "prior_blend_alpha": 0.25
    },
    "fixed_support": 4,
    "gripper_support": 4,
    "fixed_stability": {
      "num_frames": 4,
      "num_inliers": 4,
      "inlier_ratio": 1.0,
      "translation_std_mm": 0.08432191005574313,
      "rotation_std_deg": 0.06205846138556304
    },
    "gripper_stability": {
      "num_frames": 4,
      "num_inliers": 3,
      "inlier_ratio": 0.75,
      "translation_std_mm": 0.6631184665253056,
      "rotation_std_deg": 0.15391101038694965
    }
  },
  "7": {
    "transform_key": "T_base_O_set7",
    "transform": [
      [
        0.8397131131799099,
        -0.5430237998873231,
        0.002653358180960974,
        -0.2289140744783133
      ],
      [
        0.5429690441086141,
        0.8396817739683488,
        0.010914925796574765,
        0.6680367396246949
      ],
      [
        -0.00815504098590691,
        -0.007724714965575362,
        0.9999369100524387,
        0.0026846316196754965
      ],
      [
        0.0,
        0.0,
        0.0,
        1.0
      ]
    ],
    "source": "fixed_translation+gripper_rotation",
    "support": 2,
    "events": [
      16,
      17
    ],
    "stability": {
      "num_frames": 2,
      "num_inliers": 2,
      "inlier_ratio": 1.0,