{
  "source": "set_cube_center_6dof_aligned_to_cube_object",
  "support": 3,
  "T_set_cube_center_to_object": [
    [
      -0.9816329675219937,
      -0.18994271170352636,
      0.017846101666063357,
      -0.080538734049243
    ],
    [
      -0.18978738721837385,
      0.9817738454383845,
      0.010043110372300745,
      -0.21182447248069136
    ],
    [
      -0.01942845147682801,
      0.006471683230676854,
      -0.9997903043085453,
      -0.019527572695899786
    ],
    [
      0.0,
      0.0,
      0.0,
      1.0
    ]
  ],
  "per_set": {
    "0": {
      "support": 4,
      "raw_transform": [
        [
          -0.260477148564845,
          0.9654408985045831,
          0.008690602406670567,
          0.001088
        ],
        [
          0.96537907488066,
          0.26056952140873313,
          -0.012114714003421786,
          0.674856
        ],
        [
          -0.013960546482449319,
          0.005234119552217366,
          -0.9998888473897609,
          -0.018101
        ],
        [
          0.0,
          0.0,
          0.0,
          1.0
        ]
      ],
      "estimated_transform": [
        [
          -0.2498744157749315,
          -0.9682741522055681,
          -0.002818246214425116,
          0.011022663556689419
        ],
        [
          0.968272176547079,
          -0.2498614772446567,
          -0.004270165558960435,
          0.6637092020156674
        ],
        [
          0.003430519774004326,
          -0.003795834520394406,
          0.9999869115015327,
          -0.0043862869951563875
        ],
        [
          0.0,
          0.0,
          0.0,
          1.0
        ]
      ],
      "delta_transform": [
        [
          0.9997883814172989,
          0.011055240369049008,
          -0.017348603498867438,
          -0.013540103249591654
        ],
        [
          0.01108119290783044,
          -0.9999376208999066,
          0.0014005258919555295,
          0.006758599141985322
        ],
        [
          -0.017332038158214578,
          -0.0015924727367036882,
          -0.999848520768954,
          -0.01349181009804511
        ],
        [
          0.0,
          0.0,
          0.0,
          1.0
        ]
      ],
      "dt_mm": 228.70025395519312,
      "dr_deg": 169.6841421599117
    },
    "1": {
      "support": 6,
      "raw_transform": [
        [
          -0.260477148564845,
          0.9654408985045831,
          0.008690602406670567,
          0.001088
        ],
        [
          0.96537907488066,
          0.26056952140873313,
          -0.012114714003421786,
          0.674856
        ],
        [
          -0.013960546482449319,
          0.005234119552217366,
          -0.9998888473897609,
          -0.018101
        ],
        [
          0.0,
          0.0,
          0.0,
          1.0
        ]
      ],
      "estimated_transform": [
        [
          0.5842828118062674,
          0.8114931283142027,
          -0.009617615431650505,
          -0.2941385587573314
        ],
        [
          -0.8109326305315161,
          0.5842594575384072,
          0.03208044600940485,
          0.3940003049540618
        ],
        [
          0.03165224426479589,
          -0.010944815016945483,
          0.9994390158770304,
          0.0070960967460650904
        ],
        [
          0.0,
          0.0,
          0.0,
          1.0
        ]
      ],
      "delta_transform": [
        [
          -0.9354915960551341,
          0.35280923406424036,
          0.019522245496423105,
          -0.19458420409303745
        ],
        [
          0.3529518670092827,
          0.9356315756889921,
          0.004305130473695963,
          -0.35807434357539364
        ],
        [
          -0.016746739529834315,
          0.010917826374239645,
          -0.9998001539219638,
          -0.024357506243327068
        ],
        [
          0.0,
          0.0,
          0.0,
          1.0
        ]
      ],
      "dt_mm": 185.52283495785537,
      "dr_deg": 31.610226149676002
    },
    "4": {
      "support": 3,
      "raw_transform": [
        [
          -0.260477148564845,
          0.9654408985045831,
          0.008690602406670567,
          0.001088
        ],
        [
          0.96537907488066,
          0.26056952140873313,
          -0.012114714003421786,
          0.674856
        ],
        [
          -0.013960546482449319,
          0.005234119552217366,
          -0.9998888473897609,
          -0.018101
        ],
        [
          0.0,
          0.0,
          0.0,
          1.0
        ]
      ],
      "estimated_transform": [
        [
          -0.7649298173548678,
          0.6441119805560056,
          0.0014598032978682027,
          -0.21771770155115489
        ],
        [
          -0.6438749237850888,
          -0.7647060642661729,
          0.025489562477334988,
          0.6763581516202752
        ],
        [
          0.017534453005297768,
          0.018557795633087293,
          0.9996740224588443,
          -0.0021035842743901815
        ],
        [
          0.0,
          0.0,
          0.0,
          1.0
        ]
      ],
      "delta_transform": [
        [
          -0.4225814311319057,
          -0.9062667618971393,
          0.010270849185154387,
          0.05822069830545065
        ],
        [
          -0.9061769334744829,
          0.4226900897823332,
          0.01328357024996663,
          -0.21076882578825978
        ],
        [
          -0.016379844361084056,
          -0.0036938164920100585,
          -0.9998590182712914,
          -0.017915389064857956
        ],
        [
          0.0,
          0.0,
          0.0,
          1.0
        ]
      ],
      "dt_mm": 138.77281287556377,
      "dr_deg": 54.049009588444626
    }
  }
}