{
  "0": {
    "transform_key": "T_base_O_set0",
    "transform": [
      [
        -0.2498744157749315,
        -0.9682741522055681,
        -0.002818246214425116,
        -0.057843495613328584
      ],
      [
        0.968272176547079,
        -0.2498614772446567,
        -0.004270165558960435,
        0.9069526281015041
      ],
      [
        0.003430519774004326,
        -0.003795834520394406,
        0.9999869115015327,
        -0.01520125913697721
      ],
      [
        0.0,
        0.0,
        0.0,
        1.0
      ]
    ],
    "source": "fixed_translation+gripper_rotation",
    "support": 4,
    "events": [
      24,
      25,
      26,
      27
    ],
    "stability": {
      "num_frames": 4,
      "num_inliers": 3,
      "inlier_ratio": 0.75,
      "translation_std_mm": 0.0,
      "rotation_std_deg": 0.04542655181941858
    },
    "fixed_support": 4,
    "gripper_support": 4,
    "fixed_stability": {
      "num_frames": 4,
      "num_inliers": 3,
      "inlier_ratio": 0.75,
      "translation_std_mm": 0.0,
      "rotation_std_deg": 0.0
    },
    "gripper_stability": {
      "num_frames": 4,
      "num_inliers": 3,
      "inlier_ratio": 0.75,
      "translation_std_mm": 0.6570380476094831,
      "rotation_std_deg": 0.04542655181941858
    }
  },
  "1": {
    "transform_key": "T_base_O_set1",
    "transform": [
      [
        0.6000895872112797,
        0.7997088503531344,
        -0.01892728156564404,
        -0.095150774276788
      ],
      [
        -0.7998699550286369,
        0.6001710411308233,
        -0.0016662624136327827,
        0.5227276366682861
      ],
      [
        0.010027081483835854,
        0.016139270578708575,
        0.9998194744963236,
        0.011214168838051045
      ],
      [
        0.0,
        0.0,
        0.0,
        1.0
      ]
    ],
    "source": "fixed_translation+gripper_rotation",
    "support": 6,
    "events": [
      31,
      32,
      33,
      34,
      35,
      36
    ],
    "stability": {
      "num_frames": 6,
      "num_inliers": 6,
      "inlier_ratio": 1.0,
      "translation_std_mm": 1.922423274678755,
      "rotation_std_deg": 0.44129503079752525
    },
    "fixed_support": 6,
    "gripper_support": 6,
    "fixed_stability": {
      "num_frames": 6,
      "num_inliers": 6,
      "inlier_ratio": 1.0,
      "translation_std_mm": 1.922423274678755,
      "rotation_std_deg": 1.1257644004473617
    },
    "gripper_stability": {
      "num_frames": 6,
      "num_inliers": 6,
      "inlier_ratio": 1.0,
      "translation_std_mm": 0.9169739634770213,
      "rotation_std_deg": 0.44129503079752525
    }
  },
  "4": {
    "transform_key": "T_base_O_set4",
    "transform": [
      [
        -0.7550968481382878,
        0.6555935177038145,
        -0.005088170237098117,
        -0.03689539502223192
      ],
      [
        -0.6556100392059321,
        -0.7550947312095921,
        0.002724590227873081,
        0.6571996698985758
      ],
      [
        -0.002055826845737574,
        0.005393184982165747,
        0.9999833434271437,
        -0.0033987381453553065
      ],
      [
        0.0,
        0.0,
        0.0,
        1.0
      ]
    ],
    "source": "fixed_translation+gripper_rotation",
    "support": 3,
    "events": [
      28,
      29,
      30
    ],
    "stability": {
      "num_frames": 3,
      "num_inliers": 3,
      "inlier_ratio": 1.0,
      "translation_std_mm": 1.4300217990594282,
      "rotation_std_deg": 0.15285145852073476
    },
    "fixed_support": 3,
    "gripper_support": 3,
    "fixed_stability": {
      "num_frames": 3,
      "num_inliers": 3,
      "inlier_ratio": 1.0,
      "translation_std_mm": 1.4300217990594282,
      "rotation_std_deg": 0.36922738041082814
    },
    "gripper_stability": {
      "num_frames": 3,
      "num_inliers": 3,
      "inlier_ratio": 1.0,
      "translation_std_mm": 0.5582334652113322,
      "rotation_std_deg": 0.15285145852073476
    }
  }
}