{
  "method": "direct_procrustes_registration",
  "gripper_cam_idx": 2,
  "ref_fixed_cam_idx": 0,
  "fixed_cam_ids": [
    0,
    1,
    3
  ],
  "all_cam_ids": [
    0,
    1,
    2,
    3
  ],
  "procrustes_residual_mm": 0.0,
  "procrustes_n_points": 8,
  "cross_camera_error_mm": {
    "mean": 11.145623816999702,
    "median": 10.709772229140203,
    "max": 15.602410204404352
  },
  "transforms": {
    "T_base_C0": [
      -0.8226876403139918,
      0.1290302824143573,
      -0.5536571436319304,
      -0.3736195929438528,
      0.5664397849121917,
      0.10333893872685354,
      -0.8175983328086223,
      0.14261635160942748,
      -0.04828060214233975,
      -0.9862414764969487,
      -0.15810355307169482,
      0.06391034366007563,
      0.0,
      0.0,
      0.0,
      1.0
    ],
    "T_base_C1": [
      0.024192607375232482,
      0.25389282946172526,
      -0.9669297538582139,
      0.1308455461536336,
      0.9910367303336124,
      -0.13320124746539366,
      -0.010179725110484846,
      0.5333536008572652,
      -0.1313808086367637,
      -0.958016627633143,
      -0.2548396050467191,
      0.2839701975588614,
      0.0,
      0.0,
      0.0,
      1.0
    ],
    "T_base_C3": [
      0.8088790321897777,
      0.13690770472697536,
      -0.571813773592522,
      -0.3704536825460871,
      0.5864735163539494,
      -0.11840446470840334,
      0.8012672446522136,
      0.8482060700095835,
      0.04199435556312775,
      -0.9834819078780801,
      -0.17606763182745944,
      0.049207798829812466,
      0.0,
      0.0,
      0.0,
      1.0
    ],
    "T_C0_C1": [
      0.7679767638505498,
      -0.02402115263052198,
      0.6400270888103174,
      -0.15904765313817265,
      -0.05095760170458497,
      -0.9984202196219136,
      0.023672512977142866,
      0.0009870092767812581,
      0.6384473455291562,
      -0.05079418538019175,
      -0.7679875895554986,
      -0.23097264493821568,
      0.0,
      0.0,
      0.0,
      1.0
    ],
    "T_C0_C3": [
      -0.3414132672020773,
      -0.14303691140892144,
      0.9289657813652957,
      0.39673667024930914,
      0.1184452868456985,
      0.9739261209864025,
      0.19349063254926635,
      0.09098609338094536,
      -0.9324203424406173,
      0.1760918874760316,
      -0.31556925097795707,
      -0.5721152262034618,
      0.0,
      0.0,
      0.0,
      1.0
    ],
    "T_gripper_cam": [
      -0.02052103152977347,
      -0.9976579315633652,
      0.06524981877047589,
      0.033139162410889086,
      -0.993524565276413,
      0.027643637624000572,
      0.11020330070981824,
      0.0047342200072456216,
      -0.11174893938282854,
      -0.06256581241965525,
      -0.9917649387103351,
      0.26726643245686177,
      0.0,
      0.0,
      0.0,
      1.0
    ],
    "T_base_O": [
      0.023882463435713097,
      0.003154904092437183,
      -0.9997097951488243,
      -0.12674827940251676,
      -0.9997099650511154,
      0.003176836147774864,
      -0.02387244196976329,
      0.5700413113437818,
      0.003100598947653077,
      0.9999899770939056,
      0.0032298597350831626,
      0.16551558665717486,
      0.0,
      0.0,
      0.0,
      1.0
    ]
  }
}