{
  "red": {
    "pass": true,
    "fit": 1.0,
    "rmse_mm": 1.6982498709391092,
    "extent_ratio": 1.3111869158848706,
    "params": {
      "seg": "depth_cluster",
      "voxel_mm": 2.0,
      "max_corr_mm": 8.0,
      "z_min_mm": 5.0,
      "z_max_mm": 250.0
    },
    "position_mm": [
      -205.23004726681302,
      355.9105685993828,
      15.322946844305179
    ],
    "euler_zyx_deg": [
      -151.0941890045335,
      67.04876301492239,
      18.506511650180126
    ],
    "n_views_used": 76
  },
  "cream": {
    "pass": false,
    "fit": 0.789,
    "rmse_mm": 3.5458989069380014,
    "extent_ratio": 1.283760971929155,
    "params": {
      "seg": "depth_cluster",
      "voxel_mm": 2.0,
      "max_corr_mm": 8.0,
      "z_min_mm": 5.0,
      "z_max_mm": 250.0
    },
    "position_mm": [
      -72.8203989667345,
      323.817142350807,
      10.310311974588489
    ],
    "euler_zyx_deg": [
      -76.44620373754472,
      9.661403597548944,
      -72.41631594809891
    ],
    "n_views_used": 76
  },
  "blue": {
    "pass": false,
    "fit": 1.0,
    "rmse_mm": 3.0507996313796952,
    "extent_ratio": 1.4059915671026866,
    "params": {
      "seg": "depth_cluster",
      "voxel_mm": 2.0,
      "max_corr_mm": 12.0,
      "z_min_mm": 5.0,
      "z_max_mm": 250.0
    },
    "position_mm": [
      -218.94236776016785,
      502.7345076549774,
      11.72580684950438
    ],
    "euler_zyx_deg": [
      -71.25566699153387,
      -61.877132012127255,
      -59.0686565377862
    ],
    "n_views_used": 76
  },
  "box": {
    "pass": false,
    "fit": 0.803375,
    "rmse_mm": 2.7919222701441657,
    "extent_ratio": 1.1682245413920311,
    "params": {
      "seg": "color_seg",
      "s_max": 30,
      "v_min": 130,
      "voxel_mm": 2.0,
      "max_corr_mm": 8.0
    },
    "position_mm": [
      -68.92781951887281,
      613.0309960317019,
      27.686203944749128
    ],
    "euler_zyx_deg": [
      -67.68327212548374,
      6.26104867901175,
      23.443266229522322
    ],
    "n_views_used": 76
  }
}