{
  "0": {
    "transform_key": "T_base_O_set0",
    "transform": [
      [
        -0.249661647255777,
        -0.9683290758787687,
        -0.0028040501603276706,
        -0.057571625637314036
      ],
      [
        0.9683272332516126,
        -0.24964896794122668,
        -0.004214516479653265,
        0.9061947318745106
      ],
      [
        0.003381010619437491,
        -0.0037674412603455193,
        0.9999871874946904,
        -0.021889017901733865
      ],
      [
        0.0,
        0.0,
        0.0,
        1.0
      ]
    ],
    "source": "fixed_translation+gripper_rotation",
    "support": 4,
    "events": [
      24,
      25,
      26,
      27
    ],
    "stability": {
      "num_frames": 4,
      "num_inliers": 3,
      "inlier_ratio": 0.75,
      "translation_std_mm": 0.0,
      "rotation_std_deg": 0.045167683524763136
    },
    "fixed_support": 4,
    "gripper_support": 4,
    "fixed_stability": {
      "num_frames": 4,
      "num_inliers": 3,
      "inlier_ratio": 0.75,
      "translation_std_mm": 0.0,
      "rotation_std_deg": 0.0
    },
    "gripper_stability": {
      "num_frames": 4,
      "num_inliers": 3,
      "inlier_ratio": 0.75,
      "translation_std_mm": 1.0647281500519572,
      "rotation_std_deg": 0.045167683524763136
    }
  },
  "1": {
    "transform_key": "T_base_O_set1",
    "transform": [
      [
        0.599885326221609,
        0.7998618747665901,
        -0.018936121009038343,
        -0.09497465063549015
      ],
      [
        -0.8000230657205305,
        0.5999669519938167,
        -0.0016585627429256096,
        0.5219796487482925
      ],
      [
        0.010034425699404284,
        0.01614428103460539,
        0.9998193199227341,
        0.004535128963082103
      ],
      [
        0.0,
        0.0,
        0.0,
        1.0
      ]
    ],
    "source": "fixed_translation+gripper_rotation",
    "support": 6,
    "events": [
      31,
      32,
      33,
      34,
      35,
      36
    ],
    "stability": {
      "num_frames": 6,
      "num_inliers": 6,
      "inlier_ratio": 1.0,
      "translation_std_mm": 1.922423274678761,
      "rotation_std_deg": 0.44353884217949974
    },
    "fixed_support": 6,
    "gripper_support": 6,
    "fixed_stability": {
      "num_frames": 6,
      "num_inliers": 6,
      "inlier_ratio": 1.0,
      "translation_std_mm": 1.922423274678761,
      "rotation_std_deg": 1.1257644004466132
    },
    "gripper_stability": {
      "num_frames": 6,
      "num_inliers": 6,
      "inlier_ratio": 1.0,
      "translation_std_mm": 2.6777335054610325,
      "rotation_std_deg": 0.44353884217949974
    }
  },
  "4": {
    "transform_key": "T_base_O_set4",
    "transform": [
      [
        -0.7552519549960605,
        0.655414443364034,
        -0.005137305173158559,
        -0.03668556565426211
      ],
      [
        -0.6554311902485145,
        -0.7552500494105193,
        0.0027051275060430663,
        0.6564369243179802
      ],
      [
        -0.002106970347263426,
        0.005410202881765962,
        0.9999831450483223,
        -0.010079165481533654
      ],
      [
        0.0,
        0.0,
        0.0,
        1.0
      ]
    ],
    "source": "fixed_translation+gripper_rotation",
    "support": 3,
    "events": [
      28,
      29,
      30
    ],
    "stability": {
      "num_frames": 3,
      "num_inliers": 3,
      "inlier_ratio": 1.0,
      "translation_std_mm": 1.430021799059622,
      "rotation_std_deg": 0.15505739402268123
    },
    "fixed_support": 3,
    "gripper_support": 3,
    "fixed_stability": {
      "num_frames": 3,
      "num_inliers": 3,
      "inlier_ratio": 1.0,
      "translation_std_mm": 1.430021799059622,
      "rotation_std_deg": 0.3692273804165463
    },
    "gripper_stability": {
      "num_frames": 3,
      "num_inliers": 3,
      "inlier_ratio": 1.0,
      "translation_std_mm": 0.7276569704297028,
      "rotation_std_deg": 0.15505739402268123
    }
  }
}