{
  "calibration_type": "unified_charuco_cube",
  "handeye_data_source": "charuco",
  "gripper_cam_idx": 2,
  "ref_fixed_cam_idx": 0,
  "fixed_cam_ids": [
    0,
    1,
    3
  ],
  "all_cam_ids": [
    0,
    1,
    2,
    3
  ],
  "selected_handeye_method": "HORAUD",
  "num_robot_poses": 18,
  "num_handeye_events": 18,
  "num_charuco_frames": 18,
  "num_cube_pnp_gripper": 18,
  "diagnostics": {
    "fixed_extrinsics": {
      "T_C0_C1": {
        "num_frames": 18,
        "num_inliers": 13,
        "inlier_ratio": 0.7222222222222222,
        "translation_std_mm": 153.42785616396642,
        "rotation_std_deg": 36.703459684754044
      },
      "T_C0_C3": {
        "num_frames": 18,
        "num_inliers": 15,
        "inlier_ratio": 0.8333333333333334,
        "translation_std_mm": 148.91565368309884,
        "rotation_std_deg": 28.011075346891392
      }
    },
    "handeye_methods": {
      "TSAI": {
        "score": 13.582693672726254,
        "mean_trans_mm": 3.186213872196759,
        "mean_rot_deg": 1.0396479800529497,
        "stability": {
          "num_frames": 18,
          "num_inliers": 14,
          "inlier_ratio": 0.7777777777777778,
          "translation_std_mm": 0.8456353908518224,
          "rotation_std_deg": 0.34827416092107666
        }
      },
      "PARK": {
        "score": 5.858602284720215,
        "mean_trans_mm": 1.9024857018117851,
        "mean_rot_deg": 0.395611658290843,
        "stability": {
          "num_frames": 18,
          "num_inliers": 18,
          "inlier_ratio": 1.0,
          "translation_std_mm": 1.155239881641987,
          "rotation_std_deg": 0.2246535778491628
        }
      },
      "HORAUD": {
        "score": 5.858559730447086,
        "mean_trans_mm": 1.9142728339679889,
        "mean_rot_deg": 0.3944286896479097,
        "stability": {
          "num_frames": 18,
          "num_inliers": 18,
          "inlier_ratio": 1.0,
          "translation_std_mm": 1.1475192553034845,
          "rotation_std_deg": 0.22605085478616013
        }
      },
      "ANDREFF": {
        "score": 7.827384465517133,
        "mean_trans_mm": 3.886260508595615,
        "mean_rot_deg": 0.3941123956921518,
        "stability": {
          "num_frames": 18,
          "num_inliers": 18,
          "inlier_ratio": 1.0,
          "translation_std_mm": 1.1764966673544242,
          "rotation_std_deg": 0.22621376347140978
        }
      },
      "DANIILIDIS": {
        "score": 6.645232834335619,
        "mean_trans_mm": 2.673987394905764,
        "mean_rot_deg": 0.3971245439429855,
        "stability": {
          "num_frames": 18,
          "num_inliers": 18,
          "inlier_ratio": 1.0,
          "translation_std_mm": 1.832011124228965,
          "rotation_std_deg": 0.22270262562012827
        }
      }
    },
    "base_transforms": {
      "T_base_C0": {
        "num_frames": 17,
        "num_inliers": 17,
        "inlier_ratio": 1.0,
        "translation_std_mm": 1.5941203151850611,
        "rotation_std_deg": 0.2683752783126587
      },
      "T_base_C1": {
        "num_frames": 17,
        "num_inliers": 17,
        "inlier_ratio": 1.0,
        "translation_std_mm": 1.4439621645638667,
        "rotation_std_deg": 0.2206890175717061
      },
      "T_base_C3": {
        "num_frames": 18,
        "num_inliers": 18,
        "inlier_ratio": 1.0,
        "translation_std_mm": 97.50607193192133,
        "rotation_std_deg": 45.0773685496966
      }
    }
  },
  "transforms": {
    "T_C0_C0": [
      1.0,
      0.0,
      0.0,
      0.0,
      0.0,
      1.0,
      0.0,
      0.0,
      0.0,
      0.0,
      1.0,
      0.0,
      0.0,
      0.0,
      0.0,
      1.0
    ],
    "T_C0_C1": [
      0.5508214473055075,
      -0.3465760109066711,
      0.7592633283994982,
      -0.2842616541586383,
      0.8115277733547827,
      0.009874245906015348,
      -0.5842304103190932,
      0.12316233914980779,
      0.19498309224672322,
      0.9379699184578391,
      0.28669500485027527,
      0.3754467285386832,
      0.0,
      0.0,
      0.0,
      1.0
    ],
    "T_C0_C3": [
      -0.9331197053721596,
      -0.10598083862421878,
      0.3435923126187215,
      -0.16891786781776852,
      0.18879619848786128,
      -0.957664092342355,
      0.21733725330606857,
      -0.07494012379442866,
      0.3060124358301571,
      0.2676705962234205,
      0.9136240151368025,
      0.24164976164611035,
      0.0,
      0.0,
      0.0,
      1.0
    ],
    "T_gripper_cam": [
      -0.9999401777975955,
      -0.006202069905221591,
      0.0090097255787392,
      0.03519802978089225,
      0.007721603214803056,
      -0.9836639525669444,
      0.17984884004121252,
      0.031276485836947476,
      0.007747107196017484,
      0.17990765061349462,
      0.9836529975457943,
      -0.1150375580729922,
      0.0,
      0.0,
      0.0,
      1.0
    ],
    "T_base_O": [
      0.9196842528212713,
      0.23712671821929307,
      -0.3129725141591966,
      -0.12161447240785093,
      0.2895042851586994,
      0.12898235650810577,
      0.948446530166233,
      0.5467215222481578,
      0.2652699455033138,
      -0.9628782224228383,
      0.049973841122178966,
      0.01729546365447119,
      0.0,
      0.0,
      0.0,
      1.0
    ],
    "T_base_C0": [
      0.6775660310951803,
      -0.07148406100942424,
      0.7319797145601274,
      -0.43542700584307764,
      -0.7349436103447909,
      -0.10317002014172123,
      0.6702341654655637,
      0.14436308817776686,
      0.027607301919758957,
      -0.9920917175168621,
      -0.12244125495580942,
      0.10115534404302864,
      0.0,
      0.0,
      0.0,
      1.0
    ],
    "T_base_C1": [
      -0.044907803566834104,
      0.21530806876513428,
      -0.9755130571670637,
      0.262041211182151,
      0.9987576194588961,
      0.030788971899668737,
      -0.03918235294313543,
      0.5050173398976027,
      0.021598767363016247,
      -0.9760606921365027,
      -0.21642323931225307,
      0.16244707247747225,
      0.0,
      0.0,
      0.0,
      1.0
    ],
    "T_base_C3": [
      -0.8348780154439754,
      0.5488755337353717,
      -0.04140468325008844,
      -0.05866603955082699,
      -0.019405231316830307,
      -0.10452468468911368,
      -0.9943329559499584,
      0.6659895515350638,
      -0.5500928433690713,
      -0.8293432574979753,
      0.09791641801443816,
      -0.012534787955680481,
      0.0,
      0.0,
      0.0,
      1.0
    ]
  }
}