{
  "source": "set_cube_center_6dof_aligned_to_cube_object",
  "support": 6,
  "T_set_cube_center_to_object": [
    [
      -0.9996014330941417,
      -0.008267047472867911,
      -0.02699316362006624,
      -0.002477403899442358
    ],
    [
      -0.009479630389427044,
      0.9989371651840564,
      0.04510738987927872,
      0.0005845081563239144
    ],
    [
      0.026591569412469093,
      0.04534529678062262,
      -0.9986173904434367,
      -0.02191178398326238
    ],
    [
      0.0,
      0.0,
      0.0,
      1.0
    ]
  ],
  "per_set": {
    "1": {
      "support": 3,
      "raw_transform": [
        [
          -0.48890362835559326,
          0.8703989357340508,
          0.05812860615710601,
          -0.229635
        ],
        [
          0.8718917052432139,
          0.48969829876814,
          0.0006561338815728258,
          0.333017
        ],
        [
          -0.027894381312678,
          0.05100263578111834,
          -0.998308887386345,
          -0.019521
        ],
        [
          0.0,
          0.0,
          0.0,
          1.0
        ]
      ],
      "estimated_transform": [
        [
          0.4821359685074859,
          0.8759576705050246,
          -0.015590617523351048,
          -0.23368307691388512
        ],
        [
          -0.8760930860911942,
          0.4821067661208056,
          -0.005828427210309629,
          0.33365839171956946
        ],
        [
          0.0024108866741585984,
          0.016468926618018395,
          0.9998614714456672,
          0.0008284598737274985
        ],
        [
          0.0,
          0.0,
          0.0,
          1.0
        ]
      ],
      "delta_transform": [
        [
          -0.9996435693400797,
          -0.008373383492352754,
          -0.025349965008172937,
          0.0019707080179404146
        ],
        [
          -0.009247698378414127,
          0.9993594460156245,
          0.034571342670572464,
          -0.002171477313415854
        ],
        [
          0.025044247877056548,
          0.034793449214388664,
          -0.9990806781937277,
          -0.020549934875236302
        ],
        [
          0.0,
          0.0,
          0.0,
          1.0
        ]
      ],
      "dt_mm": 5.407012902889255,
      "dr_deg": 0.6116255084726265
    },
    "2": {
      "support": 3,
      "raw_transform": [
        [
          -0.9005852355517657,
          0.4321054579530749,
          0.04723459233797037,
          -0.089479
        ],
        [
          0.43378409240077576,
          0.9003793034969767,
          0.03388909875364634,
          0.347526
        ],
        [
          -0.02788538481366407,
          0.05100963675093676,
          -0.9983087810253558,
          -0.019519
        ],
        [
          0.0,
          0.0,
          0.0,
          1.0
        ]
      ],
      "estimated_transform": [
        [
          0.8938205881974399,
          0.44827363150680594,
          -0.011640765012825481,
          -0.08955769729349446
        ],
        [
          -0.4484195245762195,
          0.8936342776112349,
          -0.01837682935340012,
          0.3435057333448692
        ],
        [
          0.002164738603248922,
          0.021645534734615095,
          0.9997633643682056,
          0.00161048316184921
        ],
        [
          0.0,
          0.0,
          0.0,
          1.0
        ]
      ],
      "delta_transform": [
        [
          -0.9995392460148645,
          -0.016667874035962107,
          -0.025366861279201274,
          -0.0022622578704880048
        ],
        [
          -0.017412482091627882,
          0.9994154221512564,
          0.029421411142828317,
          -0.0025759631600428823
        ],
        [
          0.02486163999911636,
          0.029849555128140484,
          -0.9992451665708512,
          -0.021233709027269496
        ],
        [
          0.0,
          0.0,
          0.0,
          1.0
        ]
      ],
      "dt_mm": 3.2395450917215003,
      "dr_deg": 1.01362735944366
    },
    "4": {
      "support": 3,
      "raw_transform": [
        [
          0.5106169494045047,
          0.8592971568870218,
          0.029643332247214764,
          -0.00925
        ],
        [
          0.8593558062666455,
          -0.5089264273414036,
          -0.05001489567437752,
          0.398577
        ],
        [
          -0.02789138247992437,
          0.05101262313777051,
          -0.9983084608796837,
          -0.01712
        ],
        [
          0.0,
          0.0,
          0.0,
          1.0
        ]
      ],
      "estimated_transform": [
        [
          -0.5158412986041075,
          0.8566154719839382,
          -0.010848401364400042,
          -0.004361956784344122
        ],
        [
          -0.8564665088950734,
          -0.5159543241047273,
          -0.016007953608108496,
          0.39688801077383873
        ],
        [
          -0.019309940329092827,
          0.0010337288664588808,
          0.9998130113221758,
          0.0024527051675117977
        ],
        [
          0.0,
          0.0,
          0.0,
          1.0
        ]
      ],
      "delta_transform": [
        [
          -0.9988681966306092,
          -0.0060147971978364925,
          -0.04718207259737251,
          0.0004985652111182404
        ],
        [
          -0.00836757149470557,
          0.9987227636802912,
          0.04982795454444098,
          0.0060583079231393555
        ],
        [
          0.046822104899244335,
          0.050166358463325005,
          -0.9976427351368493,
          -0.019310224662008497
        ],
        [
          0.0,
          0.0,
          0.0,
          1.0
        ]
      ],
      "dt_mm": 6.751813603484799,
      "dr_deg": 1.1951818563122365
    },
    "5": {
      "support": 3,
      "raw_transform": [
        [
          -0.9979717152700369,
          -0.05858902391066749,
          0.024895417212334195,
          -0.009194
        ],
        [
          -0.05722006578092385,
          0.9969782087953304,
          0.05253870248951446,
          0.607198
        ],
        [
          -0.02789837975595898,
          0.0510076216309896,
          -0.9983085209205332,
          -0.018025
        ],
        [
          0.0,
          0.0,
          0.0,
          1.0
        ]
      ],
      "estimated_transform": [
        [
          0.9982616439042554,
          -0.05745668086805372,
          -0.013130884707412535,
          -0.005618170347892562
        ],
        [
          0.05733438996006522,
          0.9983097584480647,
          -0.009507571470889317,
          0.6079296964858573
        ],
        [
          0.013654963840299322,
          0.008738192661731628,
          0.9998685843407252,
          0.00522295335286822
        ],
        [
          0.0,
          0.0,
          0.0,
          1.0
        ]
      ],
      "delta_transform": [
        [
          -0.9998985139872112,
          -2.698910577949162e-05,
          -0.014246438072539946,
          -0.0042590248036666785
        ],
        [
          -0.0006295306900990247,
          0.9991051200746848,
          0.04229140257381492,
          0.0017058038911820228
        ],
        [
          0.01423254781396412,
          0.04229607915798382,
          -0.9990037418701618,
          -0.023081165771078892
        ],
        [
          0.0,
          0.0,
          0.0,
          1.0
        ]
      ],
      "dt_mm": 2.4080969534171577,
      "dr_deg": 0.8866510842105079
    },
    "6": {
      "support": 4,