{
  "generated_by": "Step3_calibration.py",
  "root_folder": "./data/session",
  "calib_dir": "./data/session/calib_out(2)",
  "transforms": {
    "T_C0_C0": [
      [
        1.0,
        0.0,
        0.0,
        0.0
      ],
      [
        0.0,
        1.0,
        0.0,
        0.0
      ],
      [
        0.0,
        0.0,
        1.0,
        0.0
      ],
      [
        0.0,
        0.0,
        0.0,
        1.0
      ]
    ],
    "T_C0_C1": [
      [
        -0.678298197591866,
        0.33303909454256647,
        -0.6549782566237553,
        0.22184531162096222
      ],
      [
        -0.08813083709660888,
        0.8480765761087506,
        0.5224931354652517,
        -0.151003623243089
      ],
      [
        0.7294823580432067,
        0.41212993407653187,
        -0.5458977988065132,
        0.6879255490248859
      ],
      [
        0.0,
        0.0,
        0.0,
        1.0
      ]
    ],
    "T_C0_C3": [
      [
        -0.3981812308925326,
        -0.28400470869737793,
        0.8722345056248496,
        -0.43323301073214515
      ],
      [
        0.12919934023567128,
        0.9240223342911399,
        0.3598475457937988,
        -0.09462799285489983
      ],
      [
        -0.9081625613553861,
        0.2559766613753492,
        -0.33123512945271205,
        0.6564422115983028
      ],
      [
        0.0,
        0.0,
        0.0,
        1.0
      ]
    ],
    "T_gripper_cam": [
      [
        -0.999970609092911,
        -0.0008236942910031624,
        0.007622498151277892,
        0.040617424050438666
      ],
      [
        0.0019031284837234103,
        -0.9897626403152863,
        0.14271052497306028,
        0.030711165549308188
      ],
      [
        0.007426914051320825,
        0.1427208371746291,
        0.9897351178895529,
        -0.1157239921163953
      ],
      [
        0.0,
        0.0,
        0.0,
        1.0
      ]
    ],
    "T_base_O": [
      [
        0.9795202482674616,
        0.201307500364985,
        -0.00392090944196393,
        -0.11126808922742892
      ],
      [
        -0.20132303727441708,
        0.979516412028092,
        -0.004078385736579183,
        0.5015057703152405
      ],
      [
        0.0030195855103245417,
        0.004784230806959065,
        0.99998399649141,
        0.0023785037508706466
      ],
      [
        0.0,
        0.0,
        0.0,
        1.0
      ]
    ],
    "T_base_C0": [
      [
        0.7100323686778474,
        -0.10656817915672065,
        0.6960583729982325,
        -0.40954863029276045
      ],
      [
        -0.7038559426943776,
        -0.07793396438272063,
        0.7060546077531126,
        0.14446382732804547
      ],
      [
        -0.02099636548392306,
        -0.9912464478558362,
        -0.13034428353269553,
        0.10782029536920285
      ],
      [
        0.0,
        0.0,
        0.0,
        1.0
      ]
    ],
    "T_base_C1": [
      [
        0.0331722125925208,
        0.43395042129652195,
        -0.9003258499944823,
        0.2366542811612773
      ],
      [
        0.9994388065432052,
        -0.010206529350539744,
        0.031904525292037786,
        0.4845425195122929
      ],
      [
        0.004655779978727023,
        -0.9008789367141333,
        -0.43404546432096525,
        0.16275728128086728
      ],
      [
        0.0,
        0.0,
        0.0,
        1.0
      ]
    ],
    "T_base_C3": [
      [
        -0.9292367540515506,
        -0.12301135971364476,
        0.348406745487423,
        -0.24926615158363286
      ],
      [
        -0.3694839919041178,
        0.3073338739076035,
        -0.8769421130699236,
        0.9112646365661738
      ],
      [
        0.0007966469326979223,
        -0.9436175577692192,
        -0.3310366596365408,
        0.12307080267932345
      ],
      [
        0.0,
        0.0,
        0.0,
        1.0
      ]
    ]
  }
}