{
  "set_joints": [
    8.549350247524753,
    -53.12190594059406,
    -78.44809715346534,
    -0.5142326732673267,
    -49.19159962871287,
    -6.213954207920792
  ],
  "set_tcp": [
    1.201,
    674.698,
    -31.099999999999998,
    105.0998828962479,
    0.7999063777821422,
    179.70007644209184
  ],
  "set_cube_center": [
    1.088,
    674.856,
    -18.101,
    105.0998828962479,
    0.7999063777821422,
    179.70007644209184
  ],
  "waypoints": [
    {
      "pose_index": 0,
      "capture_joints": [
        5.56977103960396,
        -62.84057858910891,
        -8.006110767326733,
        40.46403155940594,
        -141.44484839108912,
        25.26098391089109
      ],
      "capture_tcp": [
        -78.794,
        674.679,
        268.907,
        105.10091422027915,
        35.80006461737971,
        -150.30012228366195
      ],
      "cube_center_6dof": [
        -74.297,
        682.735,
        278.066,
        105.10091422027915,
        35.80006461737971,
        -150.30012228366195
      ],
      "set_index": 0,
      "place_joints": [
        8.549350247524753,
        -53.12190594059406,
        -78.44809715346534,
        -0.5142326732673267,
        -49.19159962871287,
        -6.213954207920792
      ]
    },
    {
      "pose_index": 1,
      "capture_joints": [
        46.575417698019805,
        -42.34668935643564,
        -67.17280321782177,
        -11.253944925742573,
        -93.91220606435643,
        51.73793316831683
      ],
      "capture_tcp": [
        -338.795,
        514.697,
        198.90099999999998,
        85.1001608036319,
        5.800051760109324,
        154.69997978403057
      ],
      "cube_center_6dof": [
        -344.229,
        516.355,
        210.594,
        85.1001608036319,
        5.800051760109324,
        154.69997978403057
      ],
      "set_index": 0,
      "place_joints": [
        8.549350247524753,
        -53.12190594059406,
        -78.44809715346534,
        -0.5142326732673267,
        -49.19159962871287,
        -6.213954207920792
      ]
    },
    {
      "pose_index": 2,
      "capture_joints": [
        64.89727722772277,
        12.497988861386137,
        -145.9840655940594,
        -36.61123143564357,
        -44.13675742574257,
        -5.31195853960396
      ],
      "capture_tcp": [
        -138.79500000000002,
        254.6,
        208.899,
        -174.90000792182434,
        5.799822576991271,
        154.69997978403057
      ],
      "cube_center_6dof": [
        -139.48499999999999,
        248.96099999999998,
        220.592,
        -174.90000792182434,
        5.799822576991271,
        154.69997978403057
      ],
      "set_index": 0,
      "place_joints": [
        8.549350247524753,
        -53.12190594059406,
        -78.44809715346534,
        -0.5142326732673267,
        -49.19159962871287,
        -6.213954207920792
      ]
    },
    {
      "pose_index": 3,
      "capture_joints": [
        -16.60860148514851,
        -33.14433787128713,
        -76.18301361386138,
        45.45389851485148,
        -93.03852103960395,
        -20.94314665841584
      ],
      "capture_tcp": [
        69.202,
        534.5680000000001,
        218.914,
        90.09927486192784,
        5.799536098093706,
        -130.2997126416918
      ],
      "cube_center_6dof": [
        79.11500000000001,
        535.435,
        227.279,
        90.09927486192784,
        5.799536098093706,
        -130.2997126416918
      ],
      "set_index": 0,
      "place_joints": [
        8.549350247524753,
        -53.12190594059406,
        -78.44809715346534,
        -0.5142326732673267,
        -49.19159962871287,
        -6.213954207920792
      ]
    },
    {
      "pose_index": 4,
      "capture_joints": [
        45.610071163366335,
        -52.89704517326732,
        -32.127243193069305,
        -16.310411509900987,
        -137.25139232673268,
        -44.83872215346535
      ],
      "capture_tcp": [
        -338.774,
        524.651,
        338.922,
        -179.9000387125925,
        40.79900678833712,
        -160.30058493565485
      ],
      "cube_center_6dof": [
        -346.779,
        529.019,
        348.187,
        -179.9000387125925,
        40.79900678833712,
        -160.30058493565485
      ],
      "set_index": 0,
      "place_joints": [
        26.292465965346533,
        -55.923499381188115,
        -71.83663366336633,
        -0.8971225247524752,
        -51.76067450495049,
        -103.2575030940594
      ]
    },
    {
      "pose_index": 5,
      "capture_joints": [
        57.89944306930693,
        8.659112004950494,
        -135.67017326732673,
        -25.01082920792079,
        -45.305847772277225,
        -15.79641089108911
      ],
      "capture_tcp": [
        -158.75300000000001,
        284.647,
        228.922,
        -179.90078355772616,
        0.7983593917352891,
        159.6992657296651
      ],
      "cube_center_6dof": [
        -158.915,
        280.137,
        241.113,
        -179.90078355772616,
        0.7983593917352891,
        159.6992657296651
      ],
      "set_index": 0,
      "place_joints": [
        26.292465965346533,
        -55.923499381188115,
        -71.83663366336633,
        -0.8971225247524752,
        -51.76067450495049,
        -103.2575030940594
      ]
    },
    {
      "pose_index": 6,
      "capture_joints": [
        -6.84375,
        -50.2342202970297,
        -43.22687190594059,
        25.020343440594058,
        -103.94368811881188,
        -214.81002475247524
      ],
      "capture_tcp": [
        81.243,
        674.616,
        198.927,
        -59.90061753708559,
        0.7985885748533414,
        149.69914685234926
      ],
      "cube_center_6dof": [
        86.99600000000001,
        677.77,
        210.15,
        -59.90061753708559,
        0.7985885748533414,
        149.69914685234926
      ],
      "set_index": 0,
      "place_joints": [
        26.292465965346533,
        -55.923499381188115,
        -71.83663366336633,
        -0.8971225247524752,
        -51.76067450495049,
        -103.2575030940594
      ]
    }
  ]
}