{
  "object": "cream",
  "pass": false,
  "best_params": {
    "seg": "depth_cluster",
    "voxel_mm": 2.0,
    "max_corr_mm": 8.0,
    "z_min_mm": 5.0,
    "z_max_mm": 250.0
  },
  "n_views_used": 76,
  "n_points_clean": 2901,
  "icp_fit": 0.789,
  "icp_rmse_m": 0.0035458989069380013,
  "extent_mm": [
    68.03121457668199,
    87.38404255877386,
    24.51229057150331
  ],
  "model_extent_mm": [
    68.06867952323059,
    62.86373822128656,
    65.12399910771535
  ],
  "extent_ratio": 1.283760971929155,
  "T_base_object_4x4": [
    [
      0.2310342777117317,
      0.2561915254154204,
      0.9386101772448185,
      -0.0728203989667345
    ],
    [
      -0.9583620498236148,
      0.22632774356303859,
      0.17412045816488173,
      0.323817142350807
    ],
    [
      -0.16782533771782926,
      -0.9397561677366051,
      0.2978137022047735,
      0.010310311974588489
    ],
    [
      0.0,
      0.0,
      0.0,
      1.0
    ]
  ],
  "position_mm": [
    -72.8203989667345,
    323.817142350807,
    10.310311974588489
  ],
  "euler_zyx_deg": [
    -76.44620373754472,
    9.661403597548944,
    -72.41631594809891
  ]
}