{
  "generated_at": "2026-04-06T17:33:00",
  "cube_config_source": "fixed_model_auto",
  "cube_config_used": {
    "cube_side_m": 0.03,
    "marker_size_m": 0.022,
    "dictionary_name": "DICT_4X4_50",
    "marker_ids": [
      0,
      1,
      2,
      3,
      4
    ],
    "id_to_face": {
      "0": "+Z",
      "1": "+Y",
      "2": "-X",
      "3": "-Y",
      "4": "+X"
    },
    "corner_reorder": {
      "0": [
        0,
        1,
        2,
        3
      ],
      "1": [
        1,
        0,
        3,
        2
      ],
      "2": [
        3,
        2,
        1,
        0
      ],
      "3": [
        0,
        3,
        2,
        1
      ],
      "4": [
        1,
        0,
        3,
        2
      ]
    },
    "face_roll_deg": {
      "0": 0.0,
      "1": 0.0,
      "2": 0.0,
      "3": 0.0,
      "4": 0.0
    },
    "marker_pose_4x4": {
      "0": [
        [
          -0.08014968672139583,
          -0.9960157667787768,
          -0.03909757085225798,
          0.0005613060356484763
        ],
        [
          -0.9796059816291636,
          0.08595821979093489,
          -0.1816130645265811,
          -9.878495261138727e-05
        ],
        [
          0.18425023331009618,
          0.023743984047723786,
          -0.9825925273208201,
          0.008705829264882224
        ],
        [
          0.0,
          0.0,
          0.0,
          1.0
        ]
      ],
      "1": [
        [
          0.9976453915866578,
          -0.023838134667086636,
          0.06430720007509269,
          -0.002781852687395829
        ],
        [
          -0.06778340188289568,
          -0.19992516586028689,
          0.9774637274522869,
          0.012265525863900478
        ],
        [
          -0.010444284326176612,
          -0.9795211439225449,
          -0.201070250244991,
          -0.0069716615204459004
        ],
        [
          0.0,
          0.0,
          0.0,
          1.0
        ]
      ],
      "2": [
        [
          -0.07267061848228924,
          0.0380960126737589,
          -0.9966281528372369,
          -0.014245372966849218
        ],
        [
          -0.982406401199609,
          0.16963275064821962,
          0.07811781352260193,
          -0.0007528205720059644
        ],
        [
          0.17203675215323816,
          0.9847707467862152,
          0.025098449806424034,
          -0.005870191497930705
        ],
        [
          0.0,
          0.0,
          0.0,
          1.0
        ]
      ],
      "3": [
        [
          -0.0409702960067968,
          0.9948596417246331,
          -0.0926052272425837,
          0.0008134357265093888
        ],
        [
          -0.17322367113847406,
          -0.09835195357753745,
          -0.9799594139477369,
          -0.014586413295100856
        ],
        [
          -0.9840299764755267,
          -0.024107809834512453,
          0.17636274805796637,
          -0.005587993387879275
        ],
        [
          0.0,
          0.0,
          0.0,
          1.0
        ]
      ],
      "4": [
        [
          -0.08964387102479658,
          -0.07335292681473728,
          0.9932690091387133,
          0.013893271246562273
        ],
        [
          -0.9806630009582649,
          -0.16769381467391123,
          -0.10089035172722033,
          -0.004210544841591007
        ],
        [
          0.1739656717264067,
          -0.9831063689386942,
          -0.056901778644928125,
          -0.0063164874222543365
        ],
        [
          0.0,
          0.0,
          0.0,
          1.0
        ]
      ]
    }
  },
  "verification": {
    "cross_camera": {
      "events_with_2plus_cams": 18,
      "num_errors": 72,
      "mean_mm": 8.845285849103076,
      "median_mm": 7.494630847428039,
      "max_mm": 23.346511380605726,
      "std_mm": 5.32813173615008,
      "pass": false
    },
    "reprojection": {
      "total_observations": 72,
      "mean_px": 1.5895239373993375,
      "median_px": 1.2301271053395426,
      "max_px": 3.691019490090723,
      "lt_1px_count": 31,
      "pass": true
    },
    "handeye": {
      "frames": 18,
      "board_position_std_mm": 1.0813394636087017,
      "board_position_max_mm": 3.914262367633119,
      "board_rotation_mean_deg": 1.093406572893238,
      "board_rotation_max_deg": 1.8678823307247405,
      "pass": false
    },
    "board_reprojection": {
      "total_frames": 53,
      "mean_px": 0.4018088621350954,
      "median_px": 0.31724056601524353,
      "max_px": 0.8174095153808594,
      "pass": true,
      "per_camera": {
        "cam0": {
          "frames": 18,
          "mean_px": 0.6332913041114807
        },
        "cam1": {
          "frames": 17,
          "mean_px": 0.2524792806190603
        },
        "cam2": {
          "frames": 18,
          "mean_px": 0.3113599138127433
        },
        "cam3": {
          "frames": 0,
          "mean_px": null
        }
      }
    },
    "pose_repeatability": {
      "num_events": 18,
      "mean_dt_mm": 9.226184459370764,
      "mean_dr_deg": 3.181424863068725,
      "max_dt_mm": 33.06795860583962,
      "max_dr_deg": 12.264796579021139,
      "pass": false
    },
    "mesh_alignment": {
      "usable_clouds": 63,
      "usable_events": 18,
      "mean_rmse_mm": 3.6993943806313196,
      "median_rmse_mm": 3.8445748810125866,
      "max_rmse_mm": 5.160954283912054,
      "pass": true
    },
    "dimension_accuracy": {
      "usable_events": 18,
      "mean_abs_err_mm": 2.90297958711463,
      "median_abs_err_mm": 2.7372310803364184,
      "max_abs_err_mm": 6.395262130401563,
      "pass": true
    },
    "candidate_summary": {
      "total": 383,
      "selected": 72,
      "accepted": 0
    }
  },
  "usable_transforms": {
    "T_C0_C1": {
      "matrix_4x4": [
        [
          -0.7637638232190592,
          0.0896721033439569,
          -0.6392368389131501,
          0.2097610478946878
        ],
        [
          -0.10984980758198536,
          0.9578019492741637,
          0.2656095738877145,
          -0.14180919884045293
        ],
        [
          0.636080059517673,
          0.2730830273899921,
          -0.7216840153664971,
          0.7506265661496804
        ],
        [
          0.0,
          0.0,
          0.0,
          1.0
        ]
      ],
      "translation_mm": [
        209.7610478946878,
        -141.80919884045292,
        750.6265661496803
      ],
      "rotation_rz_ry_rx_deg": [
        -171.81545151749432,
        -39.50013657002395,
        159.2735105296324
      ],
      "quality_tier": "production",
      "status_reason": "derived from PASS T_base_C0 and T_base_C1"
    },
    "T_base_C0": {
      "matrix_4x4": [
        [
          0.6867393014435665,
          -0.054445490052652534,
          0.7248619320020392,
          -0.4324539041095783
        ],
        [
          -0.7260963971267199,
          -0.09836714381786701,
          0.680520335549726,
          0.138525443285095
        ],
        [
          0.03425133475354125,
          -0.9936596970945544,
          -0.10708525779751044,
          0.09189619911105273
        ],
        [
          0.0,
          0.0,
          0.0,
          1.0
        ]
      ],
      "translation_mm": [
        -432.4539041095783,
        138.525443285095,
        91.89619911105274
      ],
      "rotation_rz_ry_rx_deg": [
        -46.59566498545047,
        -1.9628408374537736,
        -96.1509435089571
      ],
      "quality_tier": "production",
      "status_reason": "board-based: 1.59mm / 0.268deg"
    },