{
  "cube_side_m": 0.03,
  "marker_size_m": 0.022,
  "dictionary_name": "DICT_4X4_50",
  "marker_ids": [
    0,
    1,
    2,
    3,
    4
  ],
  "id_to_face": {
    "0": "+Z",
    "1": "+Y",
    "2": "-X",
    "3": "-Y",
    "4": "+X"
  },
  "corner_reorder": {
    "0": [
      0,
      1,
      2,
      3
    ],
    "1": [
      1,
      0,
      3,
      2
    ],
    "2": [
      3,
      2,
      1,
      0
    ],
    "3": [
      0,
      3,
      2,
      1
    ],
    "4": [
      1,
      0,
      3,
      2
    ]
  },
  "face_roll_deg": {
    "0": 0.0,
    "1": 0.0,
    "2": 0.0,
    "3": 0.0,
    "4": 0.0
  },
  "marker_pose_4x4": {
    "0": [
      [
        -0.08031449894328808,
        -0.9960071187084027,
        -0.0389794912957273,
        0.0007518065668629366
      ],
      [
        -0.9794731995548213,
        0.08611392328948243,
        -0.1822543375877078,
        -6.732057610261799e-05
      ],
      [
        0.18488329457614477,
        0.02354170125284758,
        -0.9824784759417339,
        0.008687479984714721
      ],
      [
        0.0,
        0.0,
        0.0,
        1.0
      ]
    ],
    "1": [
      [
        0.9978057947915318,
        -0.024155085293372763,
        0.0616451760879064,
        -0.0033696920546454675
      ],
      [
        -0.06522292146549157,
        -0.19853982022286423,
        0.977920196284635,
        0.011199966437630264
      ],
      [
        -0.011382723573267417,
        -0.9797951171751889,
        -0.19967964834632493,
        -0.0069413396789924815
      ],
      [
        0.0,
        0.0,
        0.0,
        1.0
      ]
    ],
    "2": [
      [
        -0.07286066657548389,
        0.038462009274129245,
        -0.9966002192999825,
        -0.013754018386696616
      ],
      [
        -0.982383867099957,
        0.1696475918883664,
        0.078368566582604,
        -0.0004200688871357698
      ],
      [
        0.17208503981436013,
        0.9847539633883557,
        0.025423820779241435,
        -0.005888314923302768
      ],
      [
        0.0,
        0.0,
        0.0,
        1.0
      ]
    ],
    "3": [
      [
        -0.0409702960067968,
        0.994859641724633,
        -0.09260522724258406,
        0.0008134357265093888
      ],
      [
        -0.17322367113847406,
        -0.09835195357753738,
        -0.9799594139477366,
        -0.014586413295100856
      ],
      [
        -0.9840299764755267,
        -0.024107809834512522,
        0.1763627480579662,
        -0.005587993387879275
      ],
      [
        0.0,
        0.0,
        0.0,
        1.0
      ]
    ],
    "4": [
      [
        -0.08935378363900567,
        -0.07303316676257372,
        0.9933187091271483,
        0.013607183886196993
      ],
      [
        -0.9806616535873269,
        -0.1679000112831532,
        -0.10055996914521619,
        -0.004453968766967289
      ],
      [
        0.17412243546643713,
        -0.9830949815576046,
        -0.056618324802923004,
        -0.006379651608370089
      ],
      [
        0.0,
        0.0,
        0.0,
        1.0
      ]
    ]
  },
  "solve_info": {
    "solver": "pairwise_marker_graph_pruned",
    "base_cube_config_source": "default",
    "camera_ids": [
      0,
      1,
      2,
      3
    ],
    "board_cams_for_ranking": [
      0,
      1
    ],
    "single_marker_observations": 36,
    "multi_marker_observations": 61,
    "unary_permutation_ranking": {
      "0": {
        "reproj_gate_px": 5.0,
        "used_reproj_gate": true,
        "top_candidates": [
          {
            "perm_idx": 0,
            "perm": [
              0,
              1,
              2,
              3
            ],
            "support": 4,
            "translation_std_mm": 0.0,
            "rotation_std_deg": 0.0,
            "mean_err_px": 0.004436752293966461
          },
          {
            "perm_idx": 18,
            "perm": [
              3,
              0,
              1,
              2
            ],
            "support": 4,
            "translation_std_mm": 0.0,
            "rotation_std_deg": 0.0,
            "mean_err_px": 0.0044367522939690205
          },
          {
            "perm_idx": 14,
            "perm": [
              2,
              1,
              0,
              3
            ],
            "support": 4,
            "translation_std_mm": 0.0,
            "rotation_std_deg": 0.0,
            "mean_err_px": 0.004436752293972933
          },
          {
            "perm_idx": 7,
            "perm": [
              1,
              0,
              3,
              2
            ],
            "support": 4,
            "translation_std_mm": 0.0,
            "rotation_std_deg": 0.0,
            "mean_err_px": 0.004436752293974196
          },
          {
            "perm_idx": 5,
            "perm": [
              0,
              3,
              2,
              1
            ],
            "support": 4,
            "translation_std_mm": 0.0,
            "rotation_std_deg": 0.0,
            "mean_err_px": 0.00443675229397726
          },
          {
            "perm_idx": 9,
            "perm": [
              1,
              2,
              3,
              0
            ],
            "support": 4,
            "translation_std_mm": 0.0,
            "rotation_std_deg": 0.0,
            "mean_err_px": 0.004436752293978664
          }
        ],
        "selected_perm_indices": [
          0,
          18,
          14,
          7,
          5,
          9
        ]
      },
      "1": {
        "reproj_gate_px": 5.0,
        "used_reproj_gate": true,
        "top_candidates": [
          {
            "perm_idx": 7,
            "perm": [
              1,
              0,
              3,
              2
            ],
            "support": 4,
            "translation_std_mm": 0.6120874913174431,
            "rotation_std_deg": 0.1693991926551658,
            "mean_err_px": 0.13137107304179965
          },
          {
            "perm_idx": 23,
            "perm": [
              3,
              2,
              1,
              0
            ],
            "support": 4,
            "translation_std_mm": 0.6120874913174518,
            "rotation_std_deg": 0.16939919265620262,
            "mean_err_px": 0.13137107304180165
          },
          {
            "perm_idx": 5,
            "perm": [
              0,
              3,
              2,
              1
            ],
            "support": 4,
            "translation_std_mm": 0.6120874913176361,
            "rotation_std_deg": 0.16939919265500236,
            "mean_err_px": 0.1313710730418042
          },
          {
            "perm_idx": 16,
            "perm": [
              2,
              3,
              0,
              1
            ],
            "support": 4,
            "translation_std_mm": 0.6120874913174029,
            "rotation_std_deg": 0.1693991926542614,
            "mean_err_px": 0.13137107304180543
          },
          {
            "perm_idx": 0,
            "perm": [
              0,
              1,
              2,
              3
            ],
            "support": 4,
            "translation_std_mm": 0.6120874913173416,
            "rotation_std_deg": 0.1693991926557275,
            "mean_err_px": 0.1313710730418067
          },
          {
            "perm_idx": 9,
            "perm": [
              1,
              2,
              3,
              0
            ],
            "support": 4,
            "translation_std_mm": 0.6120874913173897,
            "rotation_std_deg": 0.16939919265546696,
            "mean_err_px": 0.13137107304180695
          }
        ],
        "selected_perm_indices": [
          7,
          23,
          5,
          16,
          0,
          9
        ]
      },
      "2": {
        "reproj_gate_px": 5.0,
        "used_reproj_gate": true,
        "top_candidates": [
          {
            "perm_idx": 23,