{
  "cube_side_m": 0.03,
  "marker_size_m": 0.022,
  "dictionary_name": "DICT_4X4_50",
  "marker_ids": [
    0,
    1,
    2,
    3,
    4
  ],
  "id_to_face": {
    "0": "+Z",
    "1": "+Y",
    "2": "-X",
    "3": "-Y",
    "4": "+X"
  },
  "corner_reorder": {
    "0": [
      0,
      1,
      2,
      3
    ],
    "1": [
      1,
      0,
      3,
      2
    ],
    "2": [
      3,
      2,
      1,
      0
    ],
    "3": [
      0,
      3,
      2,
      1
    ],
    "4": [
      1,
      0,
      3,
      2
    ]
  },
  "face_roll_deg": {
    "0": 0.0,
    "1": 0.0,
    "2": 0.0,
    "3": 0.0,
    "4": 0.0
  },
  "marker_pose_4x4": {
    "0": [
      [
        -0.07982028453671164,
        -0.9960329084254339,
        -0.039334050262455386,
        0.00018030497321955597
      ],
      [
        -0.9798702255796754,
        0.08564641023318949,
        -0.18033034530162687,
        -0.0001617137056289258
      ],
      [
        0.18298377851305325,
        0.02414824523105516,
        -0.9828193114979713,
        0.008742527825217228
      ],
      [
        0.0,
        0.0,
        0.0,
        1.0
      ]
    ],
    "1": [
      [
        0.9973026375651896,
        -0.023215546007410038,
        0.06963108163093283,
        -0.001606173952896552
      ],
      [
        -0.07289879839061388,
        -0.20269697069477363,
        0.97652429732412,
        0.014396644716440903
      ],
      [
        -0.008556535439091184,
        -0.9789662795493723,
        -0.20384260890829417,
        -0.007032305203352736
      ],
      [
        0.0,
        0.0,
        0.0,
        1.0
      ]
    ],
    "2": [
      [
        -0.07229045799713059,
        0.03736401458178294,
        -0.9966835104971372,
        -0.015228082127154423
      ],
      [
        -0.9824513226812505,
        0.16960279136848766,
        0.07761631092675729,
        -0.0014183239417463534
      ],
      [
        0.17194036246450944,
        0.9848039518474477,
        0.024447662080934407,
        -0.005833944647186576
      ],
      [
        0.0,
        0.0,
        0.0,
        1.0
      ]
    ],
    "3": [
      [
        -0.0409702960067968,
        0.994859641724633,
        -0.09260522724258406,
        0.0008134357265093888
      ],
      [
        -0.17322367113847406,
        -0.09835195357753738,
        -0.9799594139477366,
        -0.014586413295100856
      ],
      [
        -0.9840299764755267,
        -0.024107809834512522,
        0.1763627480579662,
        -0.005587993387879275
      ],
      [
        0.0,
        0.0,
        0.0,
        1.0
      ]
    ],
    "4": [
      [
        -0.09022417212017406,
        -0.07399224323361846,
        0.9931690423621179,
        0.014465445967292828
      ],
      [
        -0.9806653104529537,
        -0.1672810863418367,
        -0.10155090854594628,
        -0.003723696990838443
      ],
      [
        0.17365237585314322,
        -0.9831287739119186,
        -0.05746882865525138,
        -0.006190159050022832
      ],
      [
        0.0,
        0.0,
        0.0,
        1.0
      ]
    ]
  },
  "solve_info": {
    "solver": "pairwise_marker_graph_pruned",
    "base_cube_config_source": "default",
    "camera_ids": [
      0,
      1,
      2,
      3
    ],
    "board_cams_for_ranking": [
      0,
      1
    ],
    "single_marker_observations": 36,
    "multi_marker_observations": 61,
    "unary_permutation_ranking": {
      "0": {
        "reproj_gate_px": 5.0,
        "used_reproj_gate": true,
        "top_candidates": [
          {
            "perm_idx": 0,
            "perm": [
              0,
              1,
              2,
              3
            ],
            "support": 4,
            "translation_std_mm": 0.0,
            "rotation_std_deg": 0.0,
            "mean_err_px": 0.004436752293966461
          },
          {
            "perm_idx": 18,
            "perm": [
              3,
              0,
              1,
              2
            ],
            "support": 4,
            "translation_std_mm": 0.0,
            "rotation_std_deg": 0.0,
            "mean_err_px": 0.0044367522939690205
          },
          {
            "perm_idx": 14,
            "perm": [
              2,
              1,
              0,
              3
            ],
            "support": 4,
            "translation_std_mm": 0.0,
            "rotation_std_deg": 0.0,
            "mean_err_px": 0.004436752293972933
          },
          {
            "perm_idx": 7,
            "perm": [
              1,
              0,
              3,
              2
            ],
            "support": 4,
            "translation_std_mm": 0.0,
            "rotation_std_deg": 0.0,
            "mean_err_px": 0.004436752293974196
          },
          {
            "perm_idx": 5,
            "perm": [
              0,
              3,
              2,
              1
            ],
            "support": 4,
            "translation_std_mm": 0.0,
            "rotation_std_deg": 0.0,
            "mean_err_px": 0.00443675229397726
          },
          {
            "perm_idx": 9,
            "perm": [
              1,
              2,
              3,
              0
            ],
            "support": 4,
            "translation_std_mm": 0.0,
            "rotation_std_deg": 0.0,
            "mean_err_px": 0.004436752293978664
          }
        ],
        "selected_perm_indices": [
          0,
          18,
          14,
          7,
          5,
          9
        ]
      },
      "1": {
        "reproj_gate_px": 5.0,
        "used_reproj_gate": true,
        "top_candidates": [
          {
            "perm_idx": 7,
            "perm": [
              1,
              0,
              3,
              2
            ],
            "support": 4,
            "translation_std_mm": 0.6120874913174431,
            "rotation_std_deg": 0.1693991926551658,
            "mean_err_px": 0.13137107304179965
          },
          {
            "perm_idx": 23,
            "perm": [
              3,
              2,
              1,
              0
            ],
            "support": 4,
            "translation_std_mm": 0.6120874913174518,
            "rotation_std_deg": 0.16939919265620262,
            "mean_err_px": 0.13137107304180165
          },
          {
            "perm_idx": 5,
            "perm": [
              0,
              3,
              2,
              1
            ],
            "support": 4,
            "translation_std_mm": 0.6120874913176361,
            "rotation_std_deg": 0.16939919265500236,
            "mean_err_px": 0.1313710730418042
          },
          {
            "perm_idx": 16,
            "perm": [
              2,
              3,
              0,
              1
            ],
            "support": 4,
            "translation_std_mm": 0.6120874913174029,
            "rotation_std_deg": 0.1693991926542614,
            "mean_err_px": 0.13137107304180543
          },
          {
            "perm_idx": 0,
            "perm": [
              0,
              1,
              2,
              3
            ],
            "support": 4,
            "translation_std_mm": 0.6120874913173416,
            "rotation_std_deg": 0.1693991926557275,
            "mean_err_px": 0.1313710730418067
          },
          {
            "perm_idx": 9,
            "perm": [
              1,
              2,
              3,
              0
            ],
            "support": 4,
            "translation_std_mm": 0.6120874913173897,
            "rotation_std_deg": 0.16939919265546696,
            "mean_err_px": 0.13137107304180695
          }
        ],
        "selected_perm_indices": [
          7,
          23,
          5,
          16,
          0,
          9
        ]
      },
      "2": {
        "reproj_gate_px": 5.0,
        "used_reproj_gate": true,
        "top_candidates": [
          {
            "perm_idx": 23,