{
  "cube_side_m": 0.03,
  "marker_size_m": 0.022,
  "dictionary_name": "DICT_4X4_50",
  "marker_ids": [
    0,
    2,
    4
  ],
  "id_to_face": {
    "0": "+Y",
    "2": "-X",
    "4": "+X"
  },
  "corner_reorder": {
    "0": [
      0,
      1,
      2,
      3
    ],
    "2": [
      3,
      2,
      1,
      0
    ],
    "4": [
      1,
      0,
      3,
      2
    ]
  },
  "face_roll_deg": {
    "0": 0.0,
    "2": 0.0,
    "4": 0.0
  },
  "marker_pose_4x4": {
    "0": [
      [
        -0.023320344615789804,
        -0.6898865885657477,
        -0.723541744783337,
        0.0025220847478605035
      ],
      [
        -0.08512932599773253,
        -0.7197395624806546,
        0.6890050508198964,
        0.08346055934741414
      ],
      [
        -0.9960969628415561,
        0.07766245629176867,
        -0.041945005668810285,
        -0.015214905117367472
      ],
      [
        0.0,
        0.0,
        0.0,
        1.0
      ]
    ],
    "2": [
      [
        -0.024696755925498592,
        0.7216070855994418,
        -0.6918621858863483,
        -0.01932306265999168
      ],
      [
        -0.07280102369924984,
        -0.6915339316002225,
        -0.7186660089317427,
        0.08276790505818159
      ],
      [
        -0.9970406617561282,
        0.032619556376787,
        0.06961237926320248,
        -0.01525570698080111
      ],
      [
        0.0,
        0.0,
        0.0,
        1.0
      ]
    ],
    "4": [
      [
        -0.037263375659488625,
        -0.7476980096261601,
        0.6629925544344664,
        0.003133741597647618
      ],
      [
        -0.0873353142909999,
        0.6633514289032632,
        0.7431940693047082,
        0.10505906221073213
      ],
      [
        -0.995481784721424,
        -0.030208743321721344,
        -0.0900191541549364,
        -0.015971174853258645
      ],
      [
        0.0,
        0.0,
        0.0,
        1.0
      ]
    ]
  },
  "solve_info": {
    "solver": "pairwise_marker_graph_pruned",
    "base_cube_config_source": "default",
    "camera_ids": [
      0,
      1,
      2,
      3
    ],
    "board_cams_for_ranking": [
      0,
      1
    ],
    "single_marker_observations": 36,
    "multi_marker_observations": 61,
    "unary_permutation_ranking": {
      "0": {
        "top_candidates": [
          {
            "perm_idx": 0,
            "perm": [
              0,
              1,
              2,
              3
            ],
            "support": 4,
            "translation_std_mm": 0.0,
            "rotation_std_deg": 0.0,
            "mean_err_px": 0.004436752293966461
          },
          {
            "perm_idx": 18,
            "perm": [
              3,
              0,
              1,
              2
            ],
            "support": 4,
            "translation_std_mm": 0.0,
            "rotation_std_deg": 0.0,
            "mean_err_px": 0.0044367522939690205
          },
          {
            "perm_idx": 14,
            "perm": [
              2,
              1,
              0,
              3
            ],
            "support": 4,
            "translation_std_mm": 0.0,
            "rotation_std_deg": 0.0,
            "mean_err_px": 0.004436752293972933
          },
          {
            "perm_idx": 7,
            "perm": [
              1,
              0,
              3,
              2
            ],
            "support": 4,
            "translation_std_mm": 0.0,
            "rotation_std_deg": 0.0,
            "mean_err_px": 0.004436752293974196
          },
          {
            "perm_idx": 5,
            "perm": [
              0,
              3,
              2,
              1
            ],
            "support": 4,
            "translation_std_mm": 0.0,
            "rotation_std_deg": 0.0,
            "mean_err_px": 0.00443675229397726
          },
          {
            "perm_idx": 9,
            "perm": [
              1,
              2,
              3,
              0
            ],
            "support": 4,
            "translation_std_mm": 0.0,
            "rotation_std_deg": 0.0,
            "mean_err_px": 0.004436752293978664
          }
        ],
        "selected_perm_indices": [
          0,
          18,
          14,
          7,
          5,
          9
        ]
      },
      "1": {
        "top_candidates": [
          {
            "perm_idx": 3,
            "perm": [
              0,
              2,
              3,
              1
            ],
            "support": 4,
            "translation_std_mm": 0.4270251740363025,
            "rotation_std_deg": 0.16187735227456132,
            "mean_err_px": 43.22595916376678
          },
          {
            "perm_idx": 12,
            "perm": [
              2,
              0,
              1,
              3
            ],
            "support": 4,
            "translation_std_mm": 0.4270251740363481,
            "rotation_std_deg": 0.1618773522739963,
            "mean_err_px": 43.2259591637668
          },
          {
            "perm_idx": 6,
            "perm": [
              1,
              0,
              2,
              3
            ],
            "support": 4,
            "translation_std_mm": 0.4270251740363881,
            "rotation_std_deg": 0.16187735228180694,
            "mean_err_px": 43.2259591637668
          },
          {
            "perm_idx": 20,
            "perm": [
              3,
              1,
              0,
              2
            ],
            "support": 4,
            "translation_std_mm": 0.4270251740364461,
            "rotation_std_deg": 0.16187735227746824,
            "mean_err_px": 43.22595916376718
          },
          {
            "perm_idx": 22,
            "perm": [
              3,
              2,
              0,
              1
            ],
            "support": 4,
            "translation_std_mm": 0.42702517403648194,
            "rotation_std_deg": 0.1618773522748245,
            "mean_err_px": 43.22595916376718
          },
          {
            "perm_idx": 1,
            "perm": [
              0,
              1,
              3,
              2
            ],
            "support": 4,
            "translation_std_mm": 0.42702517403660156,
            "rotation_std_deg": 0.16187735228180694,
            "mean_err_px": 43.22595916376731
          }
        ],
        "selected_perm_indices": [
          3,
          12,
          6,
          20,
          22,
          1
        ]
      },
      "2": {
        "top_candidates": [
          {
            "perm_idx": 23,
            "perm": [
              3,
              2,
              1,
              0
            ],
            "support": 4,
            "translation_std_mm": 0.0,
            "rotation_std_deg": 0.0,
            "mean_err_px": 0.1876721569106712
          },
          {
            "perm_idx": 16,
            "perm": [
              2,
              3,
              0,
              1
            ],
            "support": 4,
            "translation_std_mm": 0.0,
            "rotation_std_deg": 0.0,
            "mean_err_px": 0.1876721569106829
          },
          {
            "perm_idx": 0,
            "perm": [
              0,
              1,
              2,
              3
            ],
            "support": 4,
            "translation_std_mm": 0.0,
            "rotation_std_deg": 0.0,
            "mean_err_px": 0.18767215691069675
          },
          {
            "perm_idx": 18,
            "perm": [
              3,
              0,
              1,
              2
            ],
            "support": 4,
            "translation_std_mm": 0.0,
            "rotation_std_deg": 0.0,
            "mean_err_px": 0.18767215691069994
          },
          {
            "perm_idx": 14,
            "perm": [
              2,
              1,
              0,
              3
            ],
            "support": 4,
            "translation_std_mm": 0.0,
            "rotation_std_deg": 0.0,