{
  "cube_side_m": 0.03,
  "marker_size_m": 0.022,
  "dictionary_name": "DICT_4X4_50",
  "marker_ids": [
    0,
    1,
    2,
    3,
    4
  ],
  "id_to_face": {
    "0": "+Z",
    "1": "+Y",
    "2": "-X",
    "3": "-Y",
    "4": "+X"
  },
  "corner_reorder": {
    "0": [
      0,
      1,
      2,
      3
    ],
    "1": [
      1,
      0,
      3,
      2
    ],
    "2": [
      3,
      2,
      1,
      0
    ],
    "3": [
      0,
      3,
      2,
      1
    ],
    "4": [
      1,
      0,
      3,
      2
    ]
  },
  "face_roll_deg": {
    "0": 0.0,
    "1": 0.0,
    "2": 0.0,
    "3": 0.0,
    "4": 0.0
  },
  "marker_pose_4x4": {
    "0": [
      [
        -0.08014968672139583,
        -0.9960157667787768,
        -0.03909757085225798,
        0.0005613060356484763
      ],
      [
        -0.9796059816291636,
        0.08595821979093489,
        -0.1816130645265811,
        -9.878495261138727e-05
      ],
      [
        0.18425023331009618,
        0.023743984047723786,
        -0.9825925273208201,
        0.008705829264882224
      ],
      [
        0.0,
        0.0,
        0.0,
        1.0
      ]
    ],
    "1": [
      [
        0.9976453915866578,
        -0.023838134667086636,
        0.06430720007509269,
        -0.002781852687395829
      ],
      [
        -0.06778340188289568,
        -0.19992516586028689,
        0.9774637274522869,
        0.012265525863900478
      ],
      [
        -0.010444284326176612,
        -0.9795211439225449,
        -0.201070250244991,
        -0.0069716615204459004
      ],
      [
        0.0,
        0.0,
        0.0,
        1.0
      ]
    ],
    "2": [
      [
        -0.07267061848228924,
        0.0380960126737589,
        -0.9966281528372369,
        -0.014245372966849218
      ],
      [
        -0.982406401199609,
        0.16963275064821962,
        0.07811781352260193,
        -0.0007528205720059644
      ],
      [
        0.17203675215323816,
        0.9847707467862152,
        0.025098449806424034,
        -0.005870191497930705
      ],
      [
        0.0,
        0.0,
        0.0,
        1.0
      ]
    ],
    "3": [
      [
        -0.0409702960067968,
        0.9948596417246331,
        -0.0926052272425837,
        0.0008134357265093888
      ],
      [
        -0.17322367113847406,
        -0.09835195357753745,
        -0.9799594139477369,
        -0.014586413295100856
      ],
      [
        -0.9840299764755267,
        -0.024107809834512453,
        0.17636274805796637,
        -0.005587993387879275
      ],
      [
        0.0,
        0.0,
        0.0,
        1.0
      ]
    ],
    "4": [
      [
        -0.08964387102479658,
        -0.07335292681473728,
        0.9932690091387133,
        0.013893271246562273
      ],
      [
        -0.9806630009582649,
        -0.16769381467391123,
        -0.10089035172722033,
        -0.004210544841591007
      ],
      [
        0.1739656717264067,
        -0.9831063689386942,
        -0.056901778644928125,
        -0.0063164874222543365
      ],
      [
        0.0,
        0.0,
        0.0,
        1.0
      ]
    ]
  },
  "solve_info": {
    "solver": "pairwise_marker_graph_pruned",
    "base_cube_config_source": "default",
    "camera_ids": [
      0,
      1,
      2,
      3
    ],
    "board_cams_for_ranking": [
      0,
      1
    ],
    "single_marker_observations": 36,
    "multi_marker_observations": 61,
    "unary_permutation_ranking": {
      "0": {
        "reproj_gate_px": 5.0,
        "used_reproj_gate": true,
        "top_candidates": [
          {
            "perm_idx": 0,
            "perm": [
              0,
              1,
              2,
              3
            ],
            "support": 4,
            "translation_std_mm": 0.0,
            "rotation_std_deg": 0.0,
            "mean_err_px": 0.004436752293966461
          },
          {
            "perm_idx": 18,
            "perm": [
              3,
              0,
              1,
              2
            ],
            "support": 4,
            "translation_std_mm": 0.0,
            "rotation_std_deg": 0.0,
            "mean_err_px": 0.0044367522939690205
          },
          {
            "perm_idx": 14,
            "perm": [
              2,
              1,
              0,
              3
            ],
            "support": 4,
            "translation_std_mm": 0.0,
            "rotation_std_deg": 0.0,
            "mean_err_px": 0.004436752293972933
          },
          {
            "perm_idx": 7,
            "perm": [
              1,
              0,
              3,
              2
            ],
            "support": 4,
            "translation_std_mm": 0.0,
            "rotation_std_deg": 0.0,
            "mean_err_px": 0.004436752293974196
          },
          {
            "perm_idx": 5,
            "perm": [
              0,
              3,
              2,
              1
            ],
            "support": 4,
            "translation_std_mm": 0.0,
            "rotation_std_deg": 0.0,
            "mean_err_px": 0.00443675229397726
          },
          {
            "perm_idx": 9,
            "perm": [
              1,
              2,
              3,
              0
            ],
            "support": 4,
            "translation_std_mm": 0.0,
            "rotation_std_deg": 0.0,
            "mean_err_px": 0.004436752293978664
          }
        ],
        "selected_perm_indices": [
          0,
          18,
          14,
          7,
          5,
          9
        ]
      },
      "1": {
        "reproj_gate_px": 5.0,
        "used_reproj_gate": true,
        "top_candidates": [
          {
            "perm_idx": 7,
            "perm": [
              1,
              0,
              3,
              2
            ],
            "support": 4,
            "translation_std_mm": 0.6120874913174431,
            "rotation_std_deg": 0.1693991926551658,
            "mean_err_px": 0.13137107304179965
          },
          {
            "perm_idx": 23,
            "perm": [
              3,
              2,
              1,
              0
            ],
            "support": 4,
            "translation_std_mm": 0.6120874913174518,
            "rotation_std_deg": 0.16939919265620262,
            "mean_err_px": 0.13137107304180165
          },
          {
            "perm_idx": 5,
            "perm": [
              0,
              3,
              2,
              1
            ],
            "support": 4,
            "translation_std_mm": 0.6120874913176361,
            "rotation_std_deg": 0.16939919265500236,
            "mean_err_px": 0.1313710730418042
          },
          {
            "perm_idx": 16,
            "perm": [
              2,
              3,
              0,
              1
            ],
            "support": 4,
            "translation_std_mm": 0.6120874913174029,
            "rotation_std_deg": 0.1693991926542614,
            "mean_err_px": 0.13137107304180543
          },
          {
            "perm_idx": 0,
            "perm": [
              0,
              1,
              2,
              3
            ],
            "support": 4,
            "translation_std_mm": 0.6120874913173416,
            "rotation_std_deg": 0.1693991926557275,
            "mean_err_px": 0.1313710730418067
          },
          {
            "perm_idx": 9,
            "perm": [
              1,
              2,
              3,
              0
            ],
            "support": 4,
            "translation_std_mm": 0.6120874913173897,
            "rotation_std_deg": 0.16939919265546696,
            "mean_err_px": 0.13137107304180695
          }
        ],
        "selected_perm_indices": [
          7,
          23,
          5,
          16,
          0,
          9
        ]
      },
      "2": {
        "reproj_gate_px": 5.0,
        "used_reproj_gate": true,
        "top_candidates": [
          {
            "perm_idx": 23,