{
  "generated_at": "2026-04-06T17:48:18",
  "cube_config_source": "fixed_model_auto",
  "cube_config_used": {
    "cube_side_m": 0.03,
    "marker_size_m": 0.022,
    "dictionary_name": "DICT_4X4_50",
    "marker_ids": [
      0,
      1,
      2,
      3,
      4
    ],
    "id_to_face": {
      "0": "+Z",
      "1": "+Y",
      "2": "-X",
      "3": "-Y",
      "4": "+X"
    },
    "corner_reorder": {
      "0": [
        0,
        1,
        2,
        3
      ],
      "1": [
        1,
        0,
        3,
        2
      ],
      "2": [
        3,
        2,
        1,
        0
      ],
      "3": [
        0,
        3,
        2,
        1
      ],
      "4": [
        1,
        0,
        3,
        2
      ]
    },
    "face_roll_deg": {
      "0": 0.0,
      "1": 0.0,
      "2": 0.0,
      "3": 0.0,
      "4": 0.0
    },
    "marker_pose_4x4": {
      "0": [
        [
          -0.08014968672139583,
          -0.9960157667787768,
          -0.03909757085225798,
          0.0005613060356484763
        ],
        [
          -0.9796059816291636,
          0.08595821979093489,
          -0.1816130645265811,
          -9.878495261138727e-05
        ],
        [
          0.18425023331009618,
          0.023743984047723786,
          -0.9825925273208201,
          0.008705829264882224
        ],
        [
          0.0,
          0.0,
          0.0,
          1.0
        ]
      ],
      "1": [
        [
          0.9976453915866578,
          -0.023838134667086636,
          0.06430720007509269,
          -0.002781852687395829
        ],
        [
          -0.06778340188289568,
          -0.19992516586028689,
          0.9774637274522869,
          0.012265525863900478
        ],
        [
          -0.010444284326176612,
          -0.9795211439225449,
          -0.201070250244991,
          -0.0069716615204459004
        ],
        [
          0.0,
          0.0,
          0.0,
          1.0
        ]
      ],
      "2": [
        [
          -0.07267061848228924,
          0.0380960126737589,
          -0.9966281528372369,
          -0.014245372966849218
        ],
        [
          -0.982406401199609,
          0.16963275064821962,
          0.07811781352260193,
          -0.0007528205720059644
        ],
        [
          0.17203675215323816,
          0.9847707467862152,
          0.025098449806424034,
          -0.005870191497930705
        ],
        [
          0.0,
          0.0,
          0.0,
          1.0
        ]
      ],
      "3": [
        [
          -0.0409702960067968,
          0.9948596417246331,
          -0.0926052272425837,
          0.0008134357265093888
        ],
        [
          -0.17322367113847406,
          -0.09835195357753745,
          -0.9799594139477369,
          -0.014586413295100856
        ],
        [
          -0.9840299764755267,
          -0.024107809834512453,
          0.17636274805796637,
          -0.005587993387879275
        ],
        [
          0.0,
          0.0,
          0.0,
          1.0
        ]
      ],
      "4": [
        [
          -0.08964387102479658,
          -0.07335292681473728,
          0.9932690091387133,
          0.013893271246562273
        ],
        [
          -0.9806630009582649,
          -0.16769381467391123,
          -0.10089035172722033,
          -0.004210544841591007
        ],
        [
          0.1739656717264067,
          -0.9831063689386942,
          -0.056901778644928125,
          -0.0063164874222543365
        ],
        [
          0.0,
          0.0,
          0.0,
          1.0
        ]
      ]
    }
  },
  "verification": {
    "cross_camera": {
      "events_with_2plus_cams": 18,
      "num_errors": 72,
      "mean_mm": 6.135488380363378,
      "median_mm": 5.28258502015301,
      "max_mm": 22.853722458176723,
      "std_mm": 4.048083748050715,
      "pass": false
    },
    "reprojection": {
      "total_observations": 72,
      "mean_px": 1.5895239373993375,
      "median_px": 1.2301271053395426,
      "max_px": 3.691019490090723,
      "lt_1px_count": 31,
      "pass": true
    },
    "handeye": {
      "frames": 18,
      "board_position_std_mm": 1.5904748411413072,
      "board_position_max_mm": 6.227154870329307,
      "board_rotation_mean_deg": 0.8049358485829172,
      "board_rotation_max_deg": 1.3709511704114477,
      "pass": true
    },
    "board_reprojection": {
      "total_frames": 53,
      "mean_px": 0.4018088621350954,
      "median_px": 0.31724056601524353,
      "max_px": 0.8174095153808594,
      "pass": true,
      "per_camera": {
        "cam0": {
          "frames": 18,
          "mean_px": 0.6332913041114807
        },
        "cam1": {
          "frames": 17,
          "mean_px": 0.2524792806190603
        },
        "cam2": {
          "frames": 18,
          "mean_px": 0.3113599138127433
        },
        "cam3": {
          "frames": 0,
          "mean_px": null
        }
      }
    },
    "pose_repeatability": {
      "num_events": 18,
      "mean_dt_mm": 6.217458290550742,
      "mean_dr_deg": 2.034142691802519,
      "max_dt_mm": 25.74607369799386,
      "max_dr_deg": 10.062068016318966,
      "pass": false
    },
    "mesh_alignment": {
      "usable_clouds": 63,
      "usable_events": 18,
      "mean_rmse_mm": 3.6966846474156405,
      "median_rmse_mm": 3.813111377282445,
      "max_rmse_mm": 4.932865043449414,
      "pass": true
    },
    "dimension_accuracy": {
      "usable_events": 15,
      "mean_abs_err_mm": 4.0485127236058265,
      "median_abs_err_mm": 3.1470194966168044,
      "max_abs_err_mm": 8.172322223987845,
      "pass": false
    },
    "candidate_summary": {
      "total": 383,
      "selected": 72,
      "accepted": 0
    }
  },
  "usable_transforms": {
    "T_C0_C1": {
      "matrix_4x4": [
        [
          -0.7771052626433288,
          0.09184212122534044,
          -0.6226334680539363,
          0.20472531655823634
        ],
        [
          -0.1019909609487889,
          0.9578422099624077,
          0.268581728155646,
          -0.14402458319528993
        ],
        [
          0.6210517326735231,
          0.2722192601252907,
          -0.7349771559443559,
          0.7669478322151897
        ],
        [
          0.0,
          0.0,
          0.0,
          1.0
        ]
      ],
      "translation_mm": [
        204.72531655823633,
        -144.02458319528992,
        766.9478322151897
      ],
      "rotation_rz_ry_rx_deg": [
        -172.52296721223036,
        -38.392978306640344,
        159.676486225372
      ],
      "quality_tier": "production",
      "status_reason": "derived from PASS T_base_C0 and T_base_C1"
    },
    "T_C0_C3": {
      "matrix_4x4": [
        [
          -0.3394828636077223,
          -0.19594184170971746,
          0.9199772714497376,
          -0.5105563769360777
        ],
        [
          0.09212879351123221,
          0.9664328655407842,
          0.23983286223700281,
          -0.10932092979037568
        ],
        [
          -0.936089563408793,
          0.16617554293587408,
          -0.3100355112033175,
          0.6730807134386425
        ],
        [
          0.0,
          0.0,
          0.0,
          1.0
        ]
      ],
      "translation_mm": [
        -510.5563769360777,
        -109.32092979037567,
        673.0807134386425
      ],
      "rotation_rz_ry_rx_deg": [
        164.81676512476258,
        69.40489042193474,
        151.80919280565544
      ],
      "quality_tier": "provisional",
      "status_reason": "derived from T_base_C0 and T_base_C3"
    },