{
  "object": "red",
  "pass": true,
  "best_params": {
    "seg": "depth_cluster",
    "voxel_mm": 2.0,
    "max_corr_mm": 8.0,
    "z_min_mm": 5.0,
    "z_max_mm": 250.0
  },
  "n_views_used": 76,
  "n_points_clean": 3042,
  "icp_fit": 1.0,
  "icp_rmse_m": 0.0016982498709391092,
  "extent_mm": [
    100.97901851497818,
    68.00080093995226,
    19.822784228300748
  ],
  "model_extent_mm": [
    40.7261348863443,
    35.30560121596595,
    77.01334277587704
  ],
  "extent_ratio": 1.3111869158848706,
  "T_base_object_4x4": [
    [
      -0.34136614836849505,
      0.20250394612688036,
      -0.917856908538099,
      -0.20523004726681301
    ],
    [
      -0.18848941279810694,
      -0.9714278654753319,
      -0.14422081486761726,
      0.3559105685993828
    ],
    [
      -0.9208370615972795,
      0.12377420563710433,
      0.3697824387498969,
      0.015322946844305178
    ],
    [
      0.0,
      0.0,
      0.0,
      1.0
    ]
  ],
  "position_mm": [
    -205.23004726681302,
    355.9105685993828,
    15.322946844305179
  ],
  "euler_zyx_deg": [
    -151.0941890045335,
    67.04876301492239,
    18.506511650180126
  ]
}