{
  "source": "set_cube_center_6dof_aligned_to_cube_object",
  "support": 3,
  "T_set_cube_center_to_object": [
    [
      -0.9815853827020434,
      -0.1901852962917981,
      0.017879864095772906,
      -0.08119417207992788
    ],
    [
      -0.19003019389821946,
      0.9817270900930275,
      0.010022274416628034,
      -0.21187378818646097
    ],
    [
      -0.01945923617944601,
      0.006440004027797117,
      -0.9997899101688487,
      -0.012835166984777569
    ],
    [
      0.0,
      0.0,
      0.0,
      1.0
    ]
  ],
  "per_set": {
    "0": {
      "support": 4,
      "raw_transform": [
        [
          -0.260477148564845,
          0.9654408985045831,
          0.008690602406670567,
          0.001088
        ],
        [
          0.96537907488066,
          0.26056952140873313,
          -0.012114714003421786,
          0.674856
        ],
        [
          -0.013960546482449319,
          0.005234119552217366,
          -0.9998888473897609,
          -0.018101
        ],
        [
          0.0,
          0.0,
          0.0,
          1.0
        ]
      ],
      "estimated_transform": [
        [
          -0.249661647255777,
          -0.9683290758787687,
          -0.0028040501603276706,
          0.011055586224925836
        ],
        [
          0.9683272332516126,
          -0.24964896794122668,
          -0.004214516479653265,
          0.6628935006773656
        ],
        [
          0.003381010619437491,
          -0.0037674412603455193,
          0.9999871874946904,
          -0.01152074485254135
        ],
        [
          0.0,
          0.0,
          0.0,
          1.0
        ]
      ],
      "delta_transform": [
        [
          0.9997868018454675,
          0.011274302380155143,
          -0.017298582642875406,
          -0.014236538925140624
        ],
        [
          0.01130069530045319,
          -0.9999351243991034,
          0.0014287332417216756,
          0.006540494519689076
        ],
        [
          -0.017281352416344275,
          -0.0016239146500082293,
          -0.9998493475318528,
          -0.006347977148028091
        ],
        [
          0.0,
          0.0,
          0.0,
          1.0
        ]
      ],
      "dt_mm": 228.53929018816677,
      "dr_deg": 169.68254705776442
    },
    "1": {
      "support": 6,
      "raw_transform": [
        [
          -0.260477148564845,
          0.9654408985045831,
          0.008690602406670567,
          0.001088
        ],
        [
          0.96537907488066,
          0.26056952140873313,
          -0.012114714003421786,
          0.674856
        ],
        [
          -0.013960546482449319,
          0.005234119552217366,
          -0.9998888473897609,
          -0.018101
        ],
        [
          0.0,
          0.0,
          0.0,
          1.0
        ]
      ],
      "estimated_transform": [
        [
          0.5840940643115408,
          0.811628683829622,
          -0.009643838500369428,
          -0.29370374569783375
        ],
        [
          -0.8110671758058023,
          0.5840714229657884,
          0.0321031027335222,
          0.3935757983784371
        ],
        [
          0.031688489494218736,
          -0.010929430896212206,
          0.9994380356849843,
          0.0009726870217816843
        ],
        [
          0.0,
          0.0,
          0.0,
          1.0
        ]
      ],
      "delta_transform": [
        [
          -0.9355728248415391,
          0.35259218553761873,
          0.019550962017974485,
          -0.19502178657810454
        ],
        [
          0.35273477377251883,
          0.9357135309713274,
          0.004285712171988015,
          -0.35779722139836023
        ],
        [
          -0.01678299108241874,
          0.010905900007650116,
          -0.9997996762128657,
          -0.01822585558884049
        ],
        [
          0.0,
          0.0,
          0.0,
          1.0
        ]
      ],
      "dt_mm": 185.14705967505708,
      "dr_deg": 31.61110102699877
    },
    "4": {
      "support": 3,
      "raw_transform": [
        [
          -0.260477148564845,
          0.9654408985045831,
          0.008690602406670567,
          0.001088
        ],
        [
          0.96537907488066,
          0.26056952140873313,
          -0.012114714003421786,
          0.674856
        ],
        [
          -0.013960546482449319,
          0.005234119552217366,
          -0.9998888473897609,
          -0.018101
        ],
        [
          0.0,
          0.0,
          0.0,
          1.0
        ]
      ],
      "estimated_transform": [
        [
          -0.765077738020574,
          0.6439363338358535,
          0.0014327426011920474,
          -0.21784569406999826
        ],
        [
          -0.6436992744811048,
          -0.7648528658567519,
          0.025521317035226098,
          0.6751458506093885
        ],
        [
          0.01752994061088259,
          0.018603536135711363,
          0.999673251430399,
          -0.009302822979826016
        ],
        [
          0.0,
          0.0,
          0.0,
          1.0
        ]
      ],
      "delta_transform": [
        [
          -0.4223732700206131,
          -0.9063633676864364,
          0.010308563827961387,
          0.05718421271001534
        ],
        [
          -0.9062739968982265,
          0.4224825006460702,
          0.013265714980950614,
          -0.21124596537093307
        ],
        [
          -0.016378745929009342,
          -0.0037392999269816353,
          -0.9998588671996907,
          -0.010703376225655307
        ],
        [
          0.0,
          0.0,
          0.0,
          1.0
        ]
      ],
      "dt_mm": 138.39622852665443,
      "dr_deg": 54.04798252540051
    }
  }
}