{
  "source": "set_cube_center_6dof_aligned_to_cube_object",
  "support": 6,
  "T_set_cube_center_to_object": [
    [
      -0.9996014331794291,
      -0.008267042691530765,
      -0.02699316192609308,
      -0.0024774049980419914
    ],
    [
      -0.009479625655239599,
      0.9989371650240649,
      0.04510739441733813,
      0.0005845076732978033
    ],
    [
      0.02659156789413522,
      0.045345301176871716,
      -0.9986173902842426,
      -0.02191178360042509
    ],
    [
      0.0,
      0.0,
      0.0,
      1.0
    ]
  ],
  "per_set": {
    "1": {
      "support": 3,
      "raw_transform": [
        [
          -0.48890362835559326,
          0.8703989357340508,
          0.058128606157106015,
          -0.229635
        ],
        [
          0.8718917052432137,
          0.4896982987681401,
          0.0006561338815728258,
          0.333017
        ],
        [
          -0.027894381312678,
          0.05100263578111832,
          -0.9983088873863448,
          -0.019521
        ],
        [
          0.0,
          0.0,
          0.0,
          1.0
        ]
      ],
      "estimated_transform": [
        [
          0.4821359729029424,
          0.8759576680827699,
          -0.015590617689174602,
          -0.23368307554462736
        ],
        [
          -0.8760930836441728,
          0.48210677070618296,
          -0.005828415745351308,
          0.3336583880095382
        ],
        [
          0.002410896882528213,
          0.016468921223093583,
          0.9998614715099133,
          0.0008284601108017459
        ],
        [
          0.0,
          0.0,
          0.0,
          1.0
        ]
      ],
      "delta_transform": [
        [
          -0.9996435696402526,
          -0.008373378159663214,
          -0.025349954932691245,
          0.0019707041071468367
        ],
        [
          -0.009247692833657672,
          0.9993594458775928,
          0.034571348143887105,
          -0.0021714779263199147
        ],
        [
          0.02504423794305777,
          0.03479345446239639,
          -0.9990806782599815,
          -0.02054993503475086
        ],
        [
          0.0,
          0.0,
          0.0,
          1.0
        ]
      ],
      "dt_mm": 5.407010519020026,
      "dr_deg": 0.611625530490181
    },
    "2": {
      "support": 3,
      "raw_transform": [
        [
          -0.9005852355517656,
          0.43210545795307487,
          0.04723459233797037,
          -0.089479
        ],
        [
          0.43378409240077564,
          0.9003793034969767,
          0.03388909875364634,
          0.347526
        ],
        [
          -0.02788538481366407,
          0.05100963675093675,
          -0.9983087810253555,
          -0.019519
        ],
        [
          0.0,
          0.0,
          0.0,
          1.0
        ]
      ],
      "estimated_transform": [
        [
          0.8938205904103348,
          0.44827362708837887,
          -0.011640765247581383,
          -0.08955769634282043
        ],
        [
          -0.44841952013943354,
          0.8936342800689581,
          -0.018376818102011996,
          0.34350573064475615
        ],
        [
          0.0021647439665419266,
          0.02164552477218029,
          0.9997633645722849,
          0.0016104832424246101
        ],
        [
          0.0,
          0.0,
          0.0,
          1.0
        ]
      ],
      "delta_transform": [
        [
          -0.9995392462327153,
          -0.016667868712864464,
          -0.02536685619280122,
          -0.0022622599001639737
        ],
        [
          -0.01741247686705416,
          0.9994154219467328,
          0.02942142118231601,
          -0.0025759651762673266
        ],
        [
          0.024861634899777718,
          0.029849564948314058,
          -0.9992451664043742,
          -0.02123370915430832
        ],
        [
          0.0,
          0.0,
          0.0,
          1.0
        ]
      ],
      "dt_mm": 3.2395464189382337,
      "dr_deg": 1.0136270888311072
    },
    "4": {
      "support": 3,
      "raw_transform": [
        [
          0.5106169494045047,
          0.8592971568870218,
          0.029643332247214767,
          -0.00925
        ],
        [
          0.8593558062666454,
          -0.5089264273414037,
          -0.05001489567437752,
          0.398577
        ],
        [
          -0.02789138247992437,
          0.0510126231377705,
          -0.9983084608796834,
          -0.01712
        ],
        [
          0.0,
          0.0,
          0.0,
          1.0
        ]
      ],
      "estimated_transform": [
        [
          -0.5158412934838439,
          0.8566154750616334,
          -0.010848401810688886,
          -0.0043619559961786914
        ],
        [
          -0.8564665122270798,
          -0.5159543189804189,
          -0.01600794049941998,
          0.39688800874364877
        ],
        [
          -0.01930992932392914,
          0.001033736128805307,
          0.9998130115272159,
          0.0024527046328827354
        ],
        [
          0.0,
          0.0,
          0.0,
          1.0
        ]
      ],
      "delta_transform": [
        [
          -0.9988681971864442,
          -0.006014791425265786,
          -0.04718206156594642,
          0.0004985638838248367
        ],
        [
          -0.008367564837729047,
          0.9987227640875214,
          0.04982794750004786,
          0.0060583096063521365
        ],
        [
          0.04682209423112794,
          0.05016635104820452,
          -0.9976427360104015,
          -0.019310224003380186
        ],
        [
          0.0,
          0.0,
          0.0,
          1.0
        ]
      ],
      "dt_mm": 6.751815365153714,
      "dr_deg": 1.1951811938442058
    },
    "5": {
      "support": 3,
      "raw_transform": [
        [
          -0.9979717152700366,
          -0.05858902391066749,
          0.024895417212334188,
          -0.009194
        ],
        [
          -0.05722006578092383,
          0.9969782087953302,
          0.052538702489514456,
          0.607198
        ],
        [
          -0.02789837975595898,
          0.05100762163098958,
          -0.9983085209205329,
          -0.018025
        ],
        [
          0.0,
          0.0,
          0.0,
          1.0
        ]
      ],
      "estimated_transform": [
        [
          0.9982616437041054,
          -0.057456684365398455,
          -0.013130884620318695,
          -0.005618170169617908
        ],
        [
          0.05733439357878435,
          0.9983097583242294,
          -0.009507562651494657,
          0.6079296963588268
        ],
        [
          0.01365496327824478,
          0.008738183813241693,
          0.9998685844257312,
          0.00522295313993679
        ],
        [
          0.0,
          0.0,
          0.0,
          1.0
        ]
      ],
      "delta_transform": [
        [
          -0.9998985139788498,
          -2.698536158398518e-05,
          -0.014246438666475014,
          -0.00425902496837061
        ],
        [
          -0.0006295270992573918,
          0.9991051197047891,
          0.042291411365792404,
          0.0017058037432292643
        ],
        [
          0.014232548560207945,
          0.04229608789793272,
          -0.9990037414894959,
          -0.023081165560743425
        ],
        [
          0.0,
          0.0,
          0.0,
          1.0
        ]
      ],
      "dt_mm": 2.408096502268003,
      "dr_deg": 0.8866508968791031
    },
    "6": {
      "support": 4,