{
  "1": {
    "transform_key": "T_base_O_set1",
    "transform": [
      [
        0.48308680229454204,
        0.8755449465050125,
        -0.006941764787687119,
        -0.23370135099488265
      ],
      [
        -0.8755635339164177,
        0.48310250127008,
        0.0006865437975115416,
        0.33183433987096295
      ],
      [
        0.00395468388462588,
        0.0057462958613491155,
        0.9999756699836484,
        0.002915915867076029
      ],
      [
        0.0,
        0.0,
        0.0,
        1.0
      ]
    ],
    "source": "fixed_translation+gripper_rotation",
    "support": 3,
    "events": [
      0,
      1,
      2
    ],
    "stability": {
      "num_frames": 3,
      "num_inliers": 3,
      "inlier_ratio": 1.0,
      "translation_std_mm": 0.5740656915501596,
      "rotation_std_deg": 0.15348946511551656,
      "prior_blend_dt_mm": 6.121158667041594,
      "prior_blend_dr_deg": 0.2554981284270771,
      "prior_blend_alpha": 0.25
    },
    "fixed_support": 3,
    "gripper_support": 3,
    "fixed_stability": {
      "num_frames": 3,
      "num_inliers": 3,
      "inlier_ratio": 1.0,
      "translation_std_mm": 0.5740656915501596,
      "rotation_std_deg": 0.12578214415715883
    },
    "gripper_stability": {
      "num_frames": 3,
      "num_inliers": 3,
      "inlier_ratio": 1.0,
      "translation_std_mm": 0.29340922766133937,
      "rotation_std_deg": 0.15348946511551656
    }
  },
  "2": {
    "transform_key": "T_base_O_set2",
    "transform": [
      [
        0.8951620495453302,
        0.4457298978593326,
        -0.0031246132741356925,
        -0.09058002423100625
      ],
      [
        -0.445738832066384,
        0.8951149124604091,
        -0.00928369964453959,
        0.3425800554392777
      ],
      [
        -0.001341134556966728,
        0.009703177072641789,
        0.9999520237055359,
        0.0024143432918503505
      ],
      [
        0.0,
        0.0,
        0.0,
        1.0
      ]
    ],
    "source": "fixed_translation+gripper_rotation",
    "support": 3,
    "events": [
      3,
      4,
      5
    ],
    "stability": {
      "num_frames": 3,
      "num_inliers": 3,
      "inlier_ratio": 1.0,
      "translation_std_mm": 0.08445883013615675,
      "rotation_std_deg": 0.3317144357597002,
      "prior_blend_dt_mm": 5.942186633354584,
      "prior_blend_dr_deg": 0.5082185526153928,
      "prior_blend_alpha": 0.25
    },
    "fixed_support": 3,
    "gripper_support": 3,
    "fixed_stability": {
      "num_frames": 3,
      "num_inliers": 3,
      "inlier_ratio": 1.0,
      "translation_std_mm": 0.08445883013615675,
      "rotation_std_deg": 0.01991932665610874
    },
    "gripper_stability": {
      "num_frames": 3,
      "num_inliers": 3,
      "inlier_ratio": 1.0,
      "translation_std_mm": 0.44230900708037013,
      "rotation_std_deg": 0.3317144357597002
    }
  },
  "4": {
    "transform_key": "T_base_O_set4",
    "transform": [
      [
        -0.5148567840707853,
        0.8572686661167489,
        -0.0035952733831075374,
        -0.007230122046725182
      ],
      [
        -0.8572479370268636,
        -0.5148693367580851,
        -0.0059615878317665506,
        0.396141419319425
      ],
      [
        -0.0069617784707009306,
        1.2676751697804356e-05,
        0.99997576644628,
        0.003002973112100839
      ],
      [
        0.0,
        0.0,
        0.0,
        1.0
      ]
    ],
    "source": "fixed_translation+gripper_rotation",
    "support": 3,
    "events": [
      6,
      7,
      8
    ],
    "stability": {
      "num_frames": 3,
      "num_inliers": 3,
      "inlier_ratio": 1.0,
      "translation_std_mm": 0.6539138259602795,
      "rotation_std_deg": 0.3810871498197474,
      "prior_blend_dt_mm": 5.403830644488718,
      "prior_blend_dr_deg": 0.7921881702277758,
      "prior_blend_alpha": 0.25
    },
    "fixed_support": 3,
    "gripper_support": 3,
    "fixed_stability": {
      "num_frames": 3,
      "num_inliers": 3,
      "inlier_ratio": 1.0,
      "translation_std_mm": 0.6539138259602795,
      "rotation_std_deg": 0.1993897034289694
    },
    "gripper_stability": {
      "num_frames": 3,
      "num_inliers": 3,
      "inlier_ratio": 1.0,
      "translation_std_mm": 0.2603829350315089,
      "rotation_std_deg": 0.3810871498197474
    }
  },
  "5": {
    "transform_key": "T_base_O_set5",
    "transform": [
      [
        0.9984091639473583,
        -0.05629692383601199,
        -0.0031301297958307136,
        -0.007964946045862691
      ],
      [
        0.05628762488387133,
        0.9984101369873727,
        -0.0029835625999715975,
        0.6075799601426473
      ],
      [
        0.003293118714694187,
        0.002802628669236751,
        0.999990650277128,
        0.0033060837316001767
      ],
      [
        0.0,
        0.0,
        0.0,
        1.0
      ]
    ],
    "source": "fixed_translation+gripper_rotation",
    "support": 3,
    "events": [
      9,
      10,
      11
    ],
    "stability": {
      "num_frames": 3,
      "num_inliers": 3,
      "inlier_ratio": 1.0,
      "translation_std_mm": 0.07800255386379452,
      "rotation_std_deg": 0.2851925225106543,
      "prior_blend_dt_mm": 1.6369005984465461,
      "prior_blend_dr_deg": 0.6239972611027078,
      "prior_blend_alpha": 0.25
    },
    "fixed_support": 3,
    "gripper_support": 3,
    "fixed_stability": {
      "num_frames": 3,
      "num_inliers": 3,
      "inlier_ratio": 1.0,
      "translation_std_mm": 0.07800255386379452,
      "rotation_std_deg": 0.04065788547772578
    },
    "gripper_stability": {
      "num_frames": 3,
      "num_inliers": 3,
      "inlier_ratio": 1.0,
      "translation_std_mm": 1.1386203860689106,
      "rotation_std_deg": 0.2851925225106543
    }
  },
  "6": {
    "transform_key": "T_base_O_set6",
    "transform": [
      [
        0.2943629410918193,
        -0.955686801618991,
        0.00363264683635282,
        -0.09668938892961818
      ],
      [
        0.9556925476298092,
        0.2943663750197037,
        0.0004377928776673386,
        0.6690469922013074
      ],
      [
        -0.0014877219559733534,
        0.0033428235106142956,
        0.9999933060847752,
        0.002194956080077772
      ],
      [
        0.0,
        0.0,
        0.0,
        1.0
      ]
    ],
    "source": "fixed_translation+gripper_rotation",
    "support": 4,
    "events": [
      12,
      13,
      14,
      15
    ],
    "stability": {
      "num_frames": 4,
      "num_inliers": 3,
      "inlier_ratio": 0.75,
      "translation_std_mm": 0.023377991990951516,
      "rotation_std_deg": 0.154224399649886,
      "prior_blend_dt_mm": 1.7102176014476773,
      "prior_blend_dr_deg": 0.2781577283669504,
      "prior_blend_alpha": 0.25
    },
    "fixed_support": 4,
    "gripper_support": 4,
    "fixed_stability": {
      "num_frames": 4,
      "num_inliers": 4,
      "inlier_ratio": 1.0,
      "translation_std_mm": 0.06027415040052571,
      "rotation_std_deg": 0.06388358801733232
    },
    "gripper_stability": {
      "num_frames": 4,
      "num_inliers": 3,
      "inlier_ratio": 0.75,
      "translation_std_mm": 0.6663596140095907,
      "rotation_std_deg": 0.154224399649886
    }
  },
  "7": {
    "transform_key": "T_base_O_set7",
    "transform": [
      [
        0.8414334889496102,
        -0.5403275467233171,
        0.005985476259093497,
        -0.22764468302820948
      ],
      [
        0.5402195341832412,
        0.8414152400911075,
        0.01353693574137172,
        0.6702627597584516
      ],
      [
        -0.012350650222891349,
        -0.008156959873996783,
        0.9998904567224781,
        0.003520050267725501
      ],
      [
        0.0,
        0.0,
        0.0,
        1.0
      ]
    ],
    "source": "fixed_translation+gripper_rotation",
    "support": 2,
    "events": [
      16,
      17
    ],
    "stability": {
      "num_frames": 2,
      "num_inliers": 2,
      "inlier_ratio": 1.0,
      "translation_std_mm": 2.9481722618741013e-10,