{
  "support": 9,
  "events": [
    {
      "event_id": 28,
      "set_index": 4,
      "support": 2,
      "fixed_spread_mean_mm": 3.8456719211148735,
      "fixed_spread_mean_deg": 0.8383141726993415,
      "delta_translation_mm": 17.373035259862977,
      "delta_rotation_deg": 0.9731205610490913,
      "delta_translation_xyz_mm": [
        -17.23167034659967,
        -2.0887504505723435,
        0.7273326349021558
      ],
      "fixed_cameras": {
        "0": {
          "used_ids": [
            1
          ],
          "source": "meta",
          "err_mean": 0.03699750115736793
        },
        "3": {
          "used_ids": [
            4,
            3,
            0
          ],
          "source": "meta",
          "err_mean": 0.5271996471732171
        }
      },
      "gripper_used_ids": [
        0,
        1
      ],
      "gripper_source": "multi",
      "gripper_err_mean": 0.5645594144715664
    },
    {
      "event_id": 29,
      "set_index": 4,
      "support": 2,
      "fixed_spread_mean_mm": 3.8456719211148838,
      "fixed_spread_mean_deg": 0.8383141726847623,
      "delta_translation_mm": 13.40373134766742,
      "delta_rotation_deg": 0.7442049656784175,
      "delta_translation_xyz_mm": [
        -3.645497270396092,
        -12.775817949635767,
        -1.7744969455430053
      ],
      "fixed_cameras": {
        "0": {
          "used_ids": [
            1
          ],
          "source": "meta",
          "err_mean": 0.03699750115736793
        },
        "3": {
          "used_ids": [
            4,
            3,
            0
          ],
          "source": "multi",
          "err_mean": 0.5271996471732111
        }
      },
      "gripper_used_ids": [
        0,
        2,
        1
      ],
      "gripper_source": "meta",
      "gripper_err_mean": 0.485409531396662
    },
    {
      "event_id": 30,
      "set_index": 4,
      "support": 2,
      "fixed_spread_mean_mm": 3.902575087558012,
      "fixed_spread_mean_deg": 0.833107607818,
      "delta_translation_mm": 6.885278877958538,
      "delta_rotation_deg": 0.6582799458007834,
      "delta_translation_xyz_mm": [
        3.3581330925582034,
        2.238089267700194,
        -5.578616655563695
      ],
      "fixed_cameras": {
        "0": {
          "used_ids": [
            1
          ],
          "source": "meta",
          "err_mean": 0.03699750115736793
        },
        "3": {
          "used_ids": [
            4,
            3,
            0
          ],
          "source": "meta",
          "err_mean": 0.4373421878361235
        }
      },
      "gripper_used_ids": [
        3,
        0,
        2
      ],
      "gripper_source": "meta",
      "gripper_err_mean": 0.6845768033709964
    },
    {
      "event_id": 31,
      "set_index": 1,
      "support": 2,
      "fixed_spread_mean_mm": 13.510390074202128,
      "fixed_spread_mean_deg": 1.578002898737479,
      "delta_translation_mm": 41.456080152195526,
      "delta_rotation_deg": 3.090348848916215,
      "delta_translation_xyz_mm": [
        -29.952666752644394,
        -9.324719908026857,
        27.101548565112267
      ],
      "fixed_cameras": {
        "0": {
          "used_ids": [
            4,
            1,
            0
          ],
          "source": "multi",
          "err_mean": 0.7171338606802209
        },
        "3": {
          "used_ids": [
            3,
            2
          ],
          "source": "meta",
          "err_mean": 0.8027251988666197
        }
      },
      "gripper_used_ids": [
        0,
        2,
        3
      ],
      "gripper_source": "multi",
      "gripper_err_mean": 0.5544072290900809
    },
    {
      "event_id": 32,
      "set_index": 1,
      "support": 2,
      "fixed_spread_mean_mm": 13.510390074202128,
      "fixed_spread_mean_deg": 1.5780028987377606,
      "delta_translation_mm": 40.568284630181424,
      "delta_rotation_deg": 3.0980964594015314,
      "delta_translation_xyz_mm": [
        -24.26007022458854,
        -6.585768149961702,
        31.841205511230207
      ],
      "fixed_cameras": {
        "0": {
          "used_ids": [
            4,
            1,
            0
          ],
          "source": "multi",
          "err_mean": 0.7171338606802209
        },
        "3": {
          "used_ids": [
            3,
            2
          ],
          "source": "meta",
          "err_mean": 0.8027251988666197
        }
      },
      "gripper_used_ids": [
        0,
        2,
        3
      ],
      "gripper_source": "multi",
      "gripper_err_mean": 0.7442557936281434
    },
    {
      "event_id": 33,
      "set_index": 1,
      "support": 2,
      "fixed_spread_mean_mm": 13.510390074202128,
      "fixed_spread_mean_deg": 1.578002898737383,
      "delta_translation_mm": 42.567328455384065,
      "delta_rotation_deg": 3.7822281131075974,
      "delta_translation_xyz_mm": [
        -28.038803806749126,
        -6.682961953422939,
        31.323169578513
      ],
      "fixed_cameras": {
        "0": {
          "used_ids": [
            4,
            1,
            0
          ],
          "source": "multi",
          "err_mean": 0.7171338606802209
        },
        "3": {
          "used_ids": [
            3,
            2
          ],
          "source": "meta",
          "err_mean": 0.8027251988666197
        }
      },
      "gripper_used_ids": [
        0,
        3,
        2
      ],
      "gripper_source": "multi",
      "gripper_err_mean": 0.7032474239069035
    },
    {
      "event_id": 34,
      "set_index": 1,
      "support": 2,
      "fixed_spread_mean_mm": 13.510390074202128,
      "fixed_spread_mean_deg": 1.578002898737663,
      "delta_translation_mm": 40.934004063215426,
      "delta_rotation_deg": 2.9109061940434247,
      "delta_translation_xyz_mm": [
        -27.819660464760407,
        -7.119794858484296,
        29.171350696289068
      ],
      "fixed_cameras": {
        "0": {
          "used_ids": [
            4,
            1,
            0
          ],
          "source": "multi",
          "err_mean": 0.7171338606802209
        },
        "3": {
          "used_ids": [
            3,
            2
          ],
          "source": "meta",
          "err_mean": 0.8027251988666197
        }
      },
      "gripper_used_ids": [
        0,
        3,
        2
      ],
      "gripper_source": "multi",
      "gripper_err_mean": 0.6866181170239057
    },
    {
      "event_id": 35,
      "set_index": 1,
      "support": 2,
      "fixed_spread_mean_mm": 13.510390074202128,
      "fixed_spread_mean_deg": 1.5780028987382582,
      "delta_translation_mm": 52.04663793280837,
      "delta_rotation_deg": 3.5042167471668737,
      "delta_translation_xyz_mm": [
        -36.79900439413858,
        -27.801572373308872,
        24.119667685950525
      ],
      "fixed_cameras": {
        "0": {
          "used_ids": [
            4,
            1,
            0
          ],
          "source": "multi",
          "err_mean": 0.7171338606802209
        },
        "3": {
          "used_ids": [
            3,
            2
          ],
          "source": "meta",
          "err_mean": 0.8027251988666197
        }
      },
      "gripper_used_ids": [
        0,
        1,
        4
      ],
      "gripper_source": "multi",
      "gripper_err_mean": 0.9179674852297475
    },
    {
      "event_id": 36,
      "set_index": 1,
      "support": 2,
      "fixed_spread_mean_mm": 13.510390074202128,
      "fixed_spread_mean_deg": 1.5780028987385848,
      "delta_translation_mm": 43.34653301315629,
      "delta_rotation_deg": 3.065148766598339,
      "delta_translation_xyz_mm": [
        -30.60373662618779,
        -23.367755948045854,
        19.90681317358828
      ],
      "fixed_cameras": {
        "0": {
          "used_ids": [
            4,
            1,
            0
          ],
          "source": "multi",
          "err_mean": 0.7171338606802209
        },