{
  "calibration_type": "unified_charuco_cube",
  "handeye_data_source": "charuco",
  "gripper_cam_idx": 2,
  "ref_fixed_cam_idx": 0,
  "fixed_cam_ids": [
    0,
    1,
    3
  ],
  "all_cam_ids": [
    0,
    1,
    2,
    3
  ],
  "selected_handeye_method": "HORAUD",
  "num_robot_poses": 18,
  "num_handeye_events": 18,
  "num_charuco_frames": 18,
  "num_cube_pnp_gripper": 18,
  "diagnostics": {
    "fixed_extrinsics": {
      "T_C0_C1": {
        "num_frames": 13,
        "num_inliers": 10,
        "inlier_ratio": 0.7692307692307693,
        "translation_std_mm": 135.7463500301068,
        "rotation_std_deg": 18.899992755569436
      },
      "T_C0_C3": {
        "num_frames": 13,
        "num_inliers": 13,
        "inlier_ratio": 1.0,
        "translation_std_mm": 207.24003421465153,
        "rotation_std_deg": 40.43351381540152
      }
    },
    "handeye_methods": {
      "TSAI": {
        "score": 13.582693672726254,
        "mean_trans_mm": 3.186213872196759,
        "mean_rot_deg": 1.0396479800529497,
        "stability": {
          "num_frames": 18,
          "num_inliers": 14,
          "inlier_ratio": 0.7777777777777778,
          "translation_std_mm": 0.8456353908518224,
          "rotation_std_deg": 0.34827416092107666
        }
      },
      "PARK": {
        "score": 5.858602284720215,
        "mean_trans_mm": 1.9024857018117851,
        "mean_rot_deg": 0.395611658290843,
        "stability": {
          "num_frames": 18,
          "num_inliers": 18,
          "inlier_ratio": 1.0,
          "translation_std_mm": 1.155239881641987,
          "rotation_std_deg": 0.2246535778491628
        }
      },
      "HORAUD": {
        "score": 5.858559730447086,
        "mean_trans_mm": 1.9142728339679889,
        "mean_rot_deg": 0.3944286896479097,
        "stability": {
          "num_frames": 18,
          "num_inliers": 18,
          "inlier_ratio": 1.0,
          "translation_std_mm": 1.1475192553034845,
          "rotation_std_deg": 0.22605085478616013
        }
      },
      "ANDREFF": {
        "score": 7.827384465517133,
        "mean_trans_mm": 3.886260508595615,
        "mean_rot_deg": 0.3941123956921518,
        "stability": {
          "num_frames": 18,
          "num_inliers": 18,
          "inlier_ratio": 1.0,
          "translation_std_mm": 1.1764966673544242,
          "rotation_std_deg": 0.22621376347140978
        }
      },
      "DANIILIDIS": {
        "score": 6.645232834335619,
        "mean_trans_mm": 2.673987394905764,
        "mean_rot_deg": 0.3971245439429855,
        "stability": {
          "num_frames": 18,
          "num_inliers": 18,
          "inlier_ratio": 1.0,
          "translation_std_mm": 1.832011124228965,
          "rotation_std_deg": 0.22270262562012827
        }
      }
    },
    "base_transforms": {
      "T_base_C0": {
        "num_frames": 13,
        "num_inliers": 5,
        "inlier_ratio": 0.38461538461538464,
        "translation_std_mm": 19.06875066099772,
        "rotation_std_deg": 0.38499554679362846
      },
      "T_base_C1": {
        "num_frames": 18,
        "num_inliers": 11,
        "inlier_ratio": 0.6111111111111112,
        "translation_std_mm": 20.293625667654094,
        "rotation_std_deg": 1.6693613545224435
      },
      "T_base_C3": {
        "num_frames": 17,
        "num_inliers": 8,
        "inlier_ratio": 0.47058823529411764,
        "translation_std_mm": 10.197463164736549,
        "rotation_std_deg": 0.8290278639759386
      }
    }
  },
  "transforms": {
    "T_C0_C0": [
      1.0,
      0.0,
      0.0,
      0.0,
      0.0,
      1.0,
      0.0,
      0.0,
      0.0,
      0.0,
      1.0,
      0.0,
      0.0,
      0.0,
      0.0,
      1.0
    ],
    "T_C0_C1": [
      0.465667214305473,
      0.8412091349505125,
      0.2748112748720323,
      -0.2572820197033664,
      -0.4400152900785564,
      0.48951886946991546,
      -0.7528331959537787,
      0.3903927903355334,
      -0.7678154661232512,
      0.2296485743668068,
      0.5980977698280009,
      0.22742925214018034,
      0.0,
      0.0,
      0.0,
      1.0
    ],
    "T_C0_C3": [
      0.6595291209028655,
      0.06961084624497924,
      0.7484488417828913,
      -0.5379555417171409,
      -0.028687776568083426,
      0.9973083131710655,
      -0.06747695870045106,
      0.07170973797661229,
      -0.7511313800905095,
      0.023031686107199426,
      0.659750855458624,
      0.0976177147086157,
      0.0,
      0.0,
      0.0,
      1.0
    ],
    "T_gripper_cam": [
      -0.9999401777975955,
      -0.006202069905221591,
      0.0090097255787392,
      0.03519802978089225,
      0.007721603214803056,
      -0.9836639525669444,
      0.17984884004121252,
      0.031276485836947476,
      0.007747107196017484,
      0.17990765061349462,
      0.9836529975457943,
      -0.1150375580729922,
      0.0,
      0.0,
      0.0,
      1.0
    ],
    "T_base_O": [
      -0.17499374273164253,
      0.07673555529075937,
      0.9815746759971908,
      -0.10679489838060034,
      -0.9647651815743227,
      0.18559034802228233,
      -0.18650567589977465,
      0.5374443897121421,
      -0.19648240233322534,
      -0.9796263967835835,
      0.04155464231800868,
      0.011833606301411437,
      0.0,
      0.0,
      0.0,
      1.0
    ],
    "T_base_C0": [
      0.9994104417787973,
      -0.00015199005424774251,
      0.03433286708873037,
      -0.2552374699474619,
      -0.03409210758378851,
      -0.12269323353957776,
      0.9918589106541806,
      0.15031263319259747,
      0.004061657790164444,
      -0.992444631877581,
      -0.12262608039633963,
      0.07978417495009917,
      0.0,
      0.0,
      0.0,
      1.0
    ],
    "T_base_C1": [
      -0.12370075820972071,
      0.17834180056041854,
      -0.9761620380813878,
      0.29496680198498726,
      0.9917676977817284,
      0.055022672374195884,
      -0.11562585853316892,
      0.5367976468503659,
      0.033090120203329944,
      -0.9824289835391002,
      -0.1836799832514672,
      0.14568732453573402,
      0.0,
      0.0,
      0.0,
      1.0
    ],
    "T_base_C3": [
      -0.9298220621148585,
      -0.06551735040622109,
      0.3621303765223532,
      -0.2841712607595832,
      -0.3678605225555973,
      0.19346004252640292,
      -0.9095338629709209,
      0.9502054661272508,
      -0.010467509235526806,
      -0.9789181215716827,
      -0.20398466243561852,
      0.11970348999897477,
      0.0,
      0.0,
      0.0,
      1.0
    ]
  }
}