{
  "generated_by": "Step3_calibration.py",
  "root_folder": "data/session",
  "calib_dir": "data/session/calib_out",
  "transforms": {
    "T_C0_C0": [
      [
        1.0,
        0.0,
        0.0,
        0.0
      ],
      [
        0.0,
        1.0,
        0.0,
        0.0
      ],
      [
        0.0,
        0.0,
        1.0,
        0.0
      ],
      [
        0.0,
        0.0,
        0.0,
        1.0
      ]
    ],
    "T_C0_C1": [
      [
        -0.6782981975918208,
        0.3330390945425937,
        -0.6549782566237883,
        0.22184531162101725
      ],
      [
        -0.08813083709659747,
        0.8480765761087553,
        0.5224931354652459,
        -0.15100362324307645
      ],
      [
        0.7294823580432503,
        0.41212993407649956,
        -0.5458977988064793,
        0.6879255490250212
      ],
      [
        0.0,
        0.0,
        0.0,
        1.0
      ]
    ],
    "T_C0_C3": [
      [
        -0.39818123088978224,
        -0.28400470869919814,
        0.8722345056255124,
        -0.4332330107331003
      ],
      [
        0.12919934023453103,
        0.9240223342910305,
        0.35984754579448963,
        -0.09462799285503966
      ],
      [
        -0.9081625613567541,
        0.25597666137372566,
        -0.33123512945021544,
        0.656442211597267
      ],
      [
        0.0,
        0.0,
        0.0,
        1.0
      ]
    ],
    "T_gripper_cam": [
      [
        -0.9999706090929109,
        -0.0008236942910031652,
        0.007622498151277888,
        0.040617424050438715
      ],
      [
        0.0019031284837234123,
        -0.9897626403152862,
        0.14271052497306025,
        0.030711165549308195
      ],
      [
        0.007426914051320821,
        0.14272083717462905,
        0.9897351178895529,
        -0.11572399211639518
      ],
      [
        0.0,
        0.0,
        0.0,
        1.0
      ]
    ],
    "T_base_O": [
      [
        0.9788622020800434,
        0.20452023272444028,
        0.0005135614359004344,
        -0.11063508587936562
      ],
      [
        -0.2045186752439812,
        0.9788602286632138,
        -0.002182708832650111,
        0.5029075877885948
      ],
      [
        -0.0009491129830014721,
        0.002031538269900971,
        0.9999974860152417,
        0.002892387058404629
      ],
      [
        0.0,
        0.0,
        0.0,
        1.0
      ]
    ],
    "T_base_C0": [
      [
        0.7079546279149577,
        -0.10972563699904742,
        0.6976822553275576,
        -0.4088902436710322
      ],
      [
        -0.7059131958593208,
        -0.07907466872241717,
        0.7038705539217567,
        0.14665672823510395
      ],
      [
        -0.022063651680401596,
        -0.9908115266545875,
        -0.13343805275457504,
        0.10966370041642573
      ],
      [
        0.0,
        0.0,
        0.0,
        1.0
      ]
    ],
    "T_base_C1": [
      [
        0.03774010421957922,
        0.42660953977720195,
        -0.9036481533786141,
        0.23951684027218031
      ],
      [
        0.9992834107032442,
        -0.013496818453821597,
        0.035362423346209926,
        0.4833373759783922
      ],
      [
        0.002889572076850866,
        -0.9043351903264126,
        -0.4268132072821834,
        0.16043189563888774
      ],
      [
        0.0,
        0.0,
        0.0,
        1.0
      ]
    ],
    "T_base_C3": [
      [
        -0.9299026772901033,
        -0.12425220284535582,
        0.34618261200813283,
        -0.2489647301191624
      ],
      [
        -0.3677960006601391,
        0.307306978219054,
        -0.8776608245992756,
        0.9148365257354861
      ],
      [
        0.0026669583993329396,
        -0.9434637307421782,
        -0.33146504507556457,
        0.12423369667854647
      ],
      [
        0.0,
        0.0,
        0.0,
        1.0
      ]
    ]
  }
}