{
  "set_joints": [
    10.904470915841584,
    -54.70266089108911,
    -74.82874381188118,
    -180.494275990099,
    47.15671410891089,
    67.90609529702971
  ],
  "set_tcp": [
    -228.874,
    666.797,
    -33.003,
    -146.7167869371343,
    1.597979290619866,
    177.0750130079205
  ],
  "set_cube_center": [
    -228.813,
    666.044,
    -20.025000000000002,
    -146.7167869371343,
    1.597979290619866,
    177.0750130079205
  ],
  "waypoints": [
    {
      "pose_index": 0,
      "capture_joints": [
        17.1404702970297,
        -18.976253094059405,
        -97.01964727722772,
        -182.5022431930693,
        66.44252784653465,
        -161.13258044554453
      ],
      "capture_tcp": [
        -228.878,
        433.019,
        217.501,
        89.28126301781955,
        1.5984376568559706,
        177.07541407837707
      ],
      "cube_center_6dof": [
        -229.53699999999998,
        433.389,
        230.47899999999998,
        89.28126301781955,
        1.5984376568559706,
        177.07541407837707
      ],
      "set_index": 1,
      "place_joints": [
        22.06373762376238,
        -35.38876856435643,
        -124.23151299504948,
        -188.37600556930693,
        21.808941831683168,
        -179.44098081683168
      ]
    },
    {
      "pose_index": 1,
      "capture_joints": [
        -23.424040841584155,
        -34.87824876237623,
        -89.69577660891089,
        -154.47841893564356,
        95.9006806930693,
        -238.85017017326732
      ],
      "capture_tcp": [
        21.116,
        513.007,
        217.508,
        119.28139046664899,
        1.5981511779584052,
        -132.9248906674222
      ],
      "cube_center_6dof": [
        29.299,
        517.8779999999999,
        226.358,
        119.28139046664899,
        1.5981511779584052,
        -132.9248906674222
      ],
      "set_index": 1,
      "place_joints": [
        22.06373762376238,
        -35.38876856435643,
        -124.23151299504948,
        -188.37600556930693,
        21.808941831683168,
        -179.44098081683168
      ]
    },
    {
      "pose_index": 2,
      "capture_joints": [
        19.924195544554454,
        -70.55847772277227,
        -6.532332920792079,
        -186.9319306930693,
        147.23530321782178,
        -170.51779084158414
      ],
      "capture_tcp": [
        -308.866,
        602.9949999999999,
        217.512,
        89.28114842626053,
        41.59834020832413,
        162.07503522717502
      ],
      "cube_center_6dof": [
        -312.764,
        611.256,
        226.761,
        89.28114842626053,
        41.59834020832413,
        162.07503522717502
      ],
      "set_index": 1,
      "place_joints": [
        22.06350556930693,
        -35.38760829207921,
        -124.23429764851484,
        -188.3769337871287,
        21.8070853960396,
        -179.44028465346534
      ]
    },
    {
      "pose_index": 3,
      "capture_joints": [
        -10.368889232673267,
        -18.3439047029703,
        -102.53627784653465,
        -162.1717202970297,
        74.10891089108911,
        -221.52498452970295
      ],
      "capture_tcp": [
        -78.866,
        457.954,
        237.507,
        114.2817034505579,
        1.5976928117223006,
        -157.92556028327857
      ],
      "cube_center_6dof": [
        -74.551,
        460.269,
        249.54999999999998,
        114.2817034505579,
        1.5976928117223006,
        -157.92556028327857
      ],
      "set_index": 2,
      "place_joints": [
        0.2506188118811881,
        -33.03434405940594,
        -132.27034344059405,
        -192.11857982673266,
        13.044012995049505,
        -232.3025216584158
      ]
    },
    {
      "pose_index": 4,
      "capture_joints": [
        13.584699876237623,
        -47.90903465346535,
        -34.30901918316832,
        -191.0513613861386,
        108.79223391089108,
        -102.30306311881188
      ],
      "capture_tcp": [
        -218.866,
        657.934,
        287.511,
        24.282065949203314,
        -8.40254065715255,
        167.0743211728095
      ],
      "cube_center_6dof": [
        -221.749,
        659.8230000000001,
        300.046,
        24.282065949203314,
        -8.40254065715255,
        167.0743211728095
      ],
      "set_index": 2,
      "place_joints": [
        0.2506188118811881,
        -33.03434405940594,
        -132.27034344059405,
        -192.11857982673266,
        13.044012995049505,
        -232.3025216584158
      ]
    },
    {
      "pose_index": 5,
      "capture_joints": [
        49.51392326732673,
        -20.361386138613863,
        -102.43742264851484,
        -219.5747988861386,
        69.5253712871287,
        -120.85581683168316
      ],
      "capture_tcp": [
        -288.858,
        317.94899999999996,
        170.004,
        104.28089702388792,
        -18.402315759791293,
        147.07517203798864
      ],
      "cube_center_6dof": [
        -294.856,
        312.867,
        180.358,
        104.28089702388792,
        -18.402315759791293,
        147.07517203798864
      ],
      "set_index": 2,
      "place_joints": [
        0.2506188118811881,
        -33.03434405940594,
        -132.27034344059405,
        -192.11857982673266,
        13.044012995049505,
        -232.3025216584158
      ]
    },
    {
      "pose_index": 6,
      "capture_joints": [
        -36.23715965346535,
        -9.5390625,
        -128.06412438118812,
        -137.9832920792079,
        72.03341584158416,
        -256.92698019801975
      ],
      "capture_tcp": [
        11.129,
        377.91799999999995,
        239.905,
        99.28115271201733,
        -18.401456323098596,
        -137.92474957085182
      ],
      "cube_center_6dof": [
        20.218,
        376.317,
        249.061,
        99.28115271201733,
        -18.401456323098596,
        -137.92474957085182
      ],
      "set_index": 4,
      "place_joints": [
        -11.911819306930692,
        -34.9713025990099,
        -125.20150061881188,
        -185.92597462871285,
        22.39116646039604,
        -155.70413056930693
      ]
    },
    {
      "pose_index": 7,
      "capture_joints": [
        51.96813118811881,
        -22.10365099009901,
        -95.44724628712872,
        -215.6556311881188,
        73.3252629950495,
        -135.06659962871288
      ],
      "capture_tcp": [
        -338.839,
        317.901,
        190.002,
        114.28107319698324,
        -11.401115277969712,
        147.07505744642958
      ],
      "cube_center_6dof": [
        -344.39300000000003,
        313.029,
        200.69799999999998,
        114.28107319698324,
        -11.401115277969712,
        147.07505744642958
      ],
      "set_index": 4,
      "place_joints": [
        -11.911819306930692,
        -34.9713025990099,
        -125.20150061881188,
        -185.92597462871285,
        22.39116646039604,
        -155.70413056930693
      ]
    },
    {
      "pose_index": 8,
      "capture_joints": [
        1.8745358910891088,
        -44.116336633663366,
        -69.81590346534652,
        -169.04308477722773,
        95.00355816831683,
        -181.18440594059405
      ],
      "capture_tcp": [
        -158.835,
        577.883,
        170.007,
        94.28112192124917,
        28.59936023129358,
        -167.92533538591732
      ],
      "cube_center_6dof": [
        -156.578,
        584.154,
        181.168,
        94.28112192124917,
        28.59936023129358,
        -167.92533538591732
      ],
      "set_index": 4,
      "place_joints": [
        -11.911819306930692,
        -34.9713025990099,
        -125.20150061881188,
        -185.92597462871285,
        22.39116646039604,
        -155.70413056930693
      ]
    },
    {
      "pose_index": 9,
      "capture_joints": [
        7.67705754950495,
        -50.776299504950494,
        -44.022586633663366,
        -192.54486386138615,
        123.53233292079207,
        -263.3121905940594
      ],