{
  "set_joints": [
    19.72694925742574,
    -34.03449876237624,
    -131.38714418316832,
    -3.0529084158415842,
    -14.933168316831681,
    316.576577970297
  ],
  "set_tcp": [
    -28.562,
    384.43699999999995,
    -31.098,
    156.1005751142279,
    0.8000209693411685,
    179.69961807585577
  ],
  "set_cube_center": [
    -28.755,
    384.449,
    -18.099,
    156.1005751142279,
    0.8000209693411685,
    179.69961807585577
  ],
  "waypoints": [
    {
      "pose_index": 0,
      "capture_joints": [
        68.08176051980197,
        -14.453511757425744,
        -114.22486076732673,
        -22.057704207920793,
        -83.63451423267327,
        359.8370977722772
      ],
      "capture_tcp": [
        -238.507,
        284.408,
        238.926,
        161.10083508811408,
        32.80005760207472,
        159.6992657296651
      ],
      "cube_center_6dof": [
        -246.21699999999998,
        282.28,
        249.174,
        161.10083508811408,
        32.80005760207472,
        159.6992657296651
      ],
      "set_index": 0,
      "place_joints": [
        19.72694925742574,
        -34.03496287128713,
        -131.38621596534654,
        -3.0526763613861383,
        -14.93386448019802,
        316.576577970297
      ]
    },
    {
      "pose_index": 1,
      "capture_joints": [
        -23.871441831683168,
        -14.405940594059404,
        -106.0700030940594,
        40.66058168316832,
        -59.34699876237623,
        150.44879331683168
      ],
      "capture_tcp": [
        131.422,
        414.36,
        190.00400000000002,
        -108.89853578218576,
        10.799280409964297,
        146.69994197795745
      ],
      "cube_center_6dof": [
        137.515,
        410.122,
        200.677,
        -108.89853578218576,
        10.799280409964297,
        146.69994197795745
      ],
      "set_index": 0,
      "place_joints": [
        19.72694925742574,
        -34.03496287128713,
        -131.38621596534654,
        -3.0526763613861383,
        -14.93386448019802,
        316.576577970297
      ]
    },
    {
      "pose_index": 2,
      "capture_joints": [
        30.32789294554455,
        -59.46093749999999,
        -34.947400990099005,
        -7.4445389851485135,
        -105.29586943069306,
        124.37445853960395
      ],
      "capture_tcp": [
        -253.51800000000003,
        684.199,
        168.05700000000002,
        -2.8968746121814424,
        -17.20156810853563,
        167.69901705684063
      ],
      "cube_center_6dof": [
        -257.13000000000005,
        687.155,
        180.19,
        -2.8968746121814424,
        -17.20156810853563,
        167.69901705684063
      ],
      "set_index": 0,
      "place_joints": [
        19.72694925742574,
        -34.03496287128713,
        -131.38621596534654,
        -3.0526763613861383,
        -14.93386448019802,
        316.576577970297
      ]
    }
  ]
}