{
  "set_joints": [
    25.464263613861384,
    -53.9842202970297,
    -76.49675123762376,
    -0.6757425742574257,
    -50.20637376237624,
    -16.20575495049505
  ],
  "set_tcp": [
    -198.776,
    654.617,
    -31.496999999999996,
    132.10349837232263,
    0.8053494768358852,
    179.69875863916303
  ],
  "set_cube_center": [
    -198.94899999999998,
    654.707,
    -18.498,
    132.10349837232263,
    0.8053494768358852,
    179.69875863916303
  ],
  "waypoints": [
    {
      "pose_index": 0,
      "capture_joints": [
        5.885133044554455,
        -59.99141398514852,
        -19.470993193069305,
        35.17620668316832,
        -138.7571936881188,
        11.140238242574256
      ],
      "capture_tcp": [
        -69.338,
        654.657,
        249.371,
        115.09467326606902,
        35.732111822877194,
        -145.28828856231414
      ],
      "cube_center_6dof": [
        -65.281,
        663.4480000000001,
        258.045,
        115.09467326606902,
        35.732111822877194,
        -145.28828856231414
      ],
      "set_index": 0,
      "place_joints": [
        10.549891707920791,
        -51.419090346534645,
        -82.66290222772277,
        -0.5000773514851485,
        -46.698174504950494,
        -4.209931930693069
      ]
    },
    {
      "pose_index": 1,
      "capture_joints": [
        22.53852103960396,
        -55.519724628712865,
        -27.582456683168314,
        9.785968440594058,
        -115.50116027227723,
        83.34050123762376
      ],
      "capture_tcp": [
        -209.79500000000002,
        674.533,
        239.371,
        30.175051463682856,
        11.76356837916947,
        162.7007624352374
      ],
      "cube_center_6dof": [
        -209.54999999999998,
        679.1469999999999,
        251.52200000000002,
        30.175051463682856,
        11.76356837916947,
        162.7007624352374
      ],
      "set_index": 0,
      "place_joints": [
        10.549891707920791,
        -51.419090346534645,
        -82.66290222772277,
        -0.5000773514851485,
        -46.698174504950494,
        -4.209931930693069
      ]
    },
    {
      "pose_index": 2,
      "capture_joints": [
        47.98329207920792,
        -37.07023514851485,
        -76.94043935643565,
        -10.719755569306932,
        -89.71735767326732,
        53.82340655940594
      ],
      "capture_tcp": [
        -318.824,
        474.586,
        199.352,
        85.17665066928186,
        5.7633251654414375,
        154.70164136163646
      ],
      "cube_center_6dof": [
        -324.261,
        476.22900000000004,
        211.04600000000002,
        85.17665066928186,
        5.7633251654414375,
        154.70164136163646
      ],
      "set_index": 0,
      "place_joints": [
        10.549891707920791,
        -51.419090346534645,
        -82.66290222772277,
        -0.5000773514851485,
        -46.698174504950494,
        -4.209931930693069
      ]
    },
    {
      "pose_index": 3,
      "capture_joints": [
        81.31652227722772,
        -6.9727722772277225,
        -137.77444306930693,
        -32.813196163366335,
        -63.12206064356436,
        40.210396039603964
      ],
      "capture_tcp": [
        -208.81,
        224.521,
        178.79,
        150.10164970342865,
        10.76925742149944,
        144.71080440060175
      ],
      "cube_center_6dof": [
        -214.272,
        218.998,
        189.214,
        150.10164970342865,
        10.76925742149944,
        144.71080440060175
      ],
      "set_index": 0,
      "place_joints": [
        10.549891707920791,
        -51.419090346534645,
        -82.66290222772277,
        -0.5000773514851485,
        -46.698174504950494,
        -4.209931930693069
      ]
    },
    {
      "pose_index": 4,
      "capture_joints": [
        64.90006188118811,
        12.500077351485148,
        -146.00007735148515,
        -36.60009282178218,
        -44.10009282178218,
        -5.299891707920792
      ],
      "capture_tcp": [
        -138.827,
        254.52200000000002,
        208.78,
        -174.89874741467506,
        5.7696277011878765,
        154.71109516525613
      ],
      "cube_center_6dof": [
        -139.51,
        248.886,
        220.475,
        -174.89874741467506,
        5.7696277011878765,
        154.71109516525613
      ],
      "set_index": 0,
      "place_joints": [
        10.549891707920791,
        -51.419090346534645,
        -82.66290222772277,
        -0.5000773514851485,
        -46.698174504950494,
        -4.209931930693069
      ]
    },
    {
      "pose_index": 5,
      "capture_joints": [
        -20.195467202970296,
        -24.214882425742573,
        -91.22176670792079,
        47.95173267326732,
        -84.4845297029703,
        -21.301206683168317
      ],
      "capture_tcp": [
        68.93900000000001,
        464.62199999999996,
        219.26100000000002,
        80.04071428950866,
        5.770716320998625,
        -130.28498762635692
      ],
      "cube_center_6dof": [
        78.85300000000001,
        463.73900000000003,
        227.624,
        80.04071428950866,
        5.770716320998625,
        -130.28498762635692
      ],
      "set_index": 0,
      "place_joints": [
        10.549891707920791,
        -51.419090346534645,
        -82.66290222772277,
        -0.5000773514851485,
        -46.698174504950494,
        -4.209931930693069
      ]
    },
    {
      "pose_index": 6,
      "capture_joints": [
        4.039836014851485,
        -58.24450804455445,
        -17.64820544554455,
        41.07085396039604,
        -132.26338180693068,
        29.394105816831683
      ],
      "capture_tcp": [
        -79.346,
        674.667,
        269.36,
        95.09489387767347,
        35.73285666801087,
        -150.28814746574372
      ],
      "cube_center_6dof": [
        -73.514,
        681.807,
        278.52500000000003,
        95.09489387767347,
        35.73285666801087,
        -150.28814746574372
      ],
      "set_index": 1,
      "place_joints": [
        25.464263613861384,
        -53.9842202970297,
        -76.49675123762376,
        -0.6757425742574257,
        -50.20637376237624,
        -16.20575495049505
      ]
    },
    {
      "pose_index": 7,
      "capture_joints": [
        34.5157797029703,
        -62.08640160891088,
        -24.188660272277225,
        4.535040222772277,
        -125.64310024752474,
        63.58222462871287
      ],
      "capture_tcp": [
        -318.82,
        614.58,
        199.357,
        58.17675941887548,
        17.763066747763837,
        152.7015029946143
      ],
      "cube_center_6dof": [
        -322.027,
        620.719,
        210.35799999999998,
        58.17675941887548,
        17.763066747763837,
        152.7015029946143
      ],
      "set_index": 1,
      "place_joints": [
        25.464263613861384,
        -53.9842202970297,
        -76.49675123762376,
        -0.6757425742574257,
        -50.20637376237624,
        -16.20575495049505
      ]
    },
    {
      "pose_index": 8,
      "capture_joints": [
        43.277227722772274,
        -31.813041460396036,
        -83.73290532178217,
        -25.933477722772274,
        -84.51632116336633,
        235.53944925742573
      ],
      "capture_tcp": [
        -238.794,
        524.5419999999999,
        249.382,
        -93.07842621349006,
        7.256625066890901,
        -148.84125714569987
      ],
      "cube_center_6dof": [
        -245.586,
        523.5,
        260.41700000000003,
        -93.07842621349006,
        7.256625066890901,
        -148.84125714569987
      ],
      "set_index": 1,
      "place_joints": [
        25.464263613861384,
        -53.9842202970297,
        -76.49675123762376,
        -0.6757425742574257,
        -50.20637376237624,
        -16.20575495049505
      ]
    },
    {
      "pose_index": 9,