{
  "object": "blue",
  "pass": false,
  "best_params": {
    "seg": "depth_cluster",
    "voxel_mm": 2.0,
    "max_corr_mm": 12.0,
    "z_min_mm": 5.0,
    "z_max_mm": 250.0
  },
  "n_views_used": 76,
  "n_points_clean": 2329,
  "icp_fit": 1.0,
  "icp_rmse_m": 0.0030507996313796954,
  "extent_mm": [
    88.93126470659641,
    65.56626893349693,
    16.748267817336153
  ],
  "model_extent_mm": [
    26.005769835569673,
    47.51345349927631,
    63.2515344958286
  ],
  "extent_ratio": 1.4059915671026866,
  "T_base_object_4x4": [
    [
      0.15147081824966777,
      0.729850675520293,
      0.6666142682701518,
      -0.21894236776016784
    ],
    [
      -0.44636368128362724,
      -0.5512137262038123,
      0.7049275793125381,
      0.5027345076549774
    ],
    [
      0.8819388047079584,
      -0.40432835602648487,
      0.2422860401740421,
      0.01172580684950438
    ],
    [
      0.0,
      0.0,
      0.0,
      1.0
    ]
  ],
  "position_mm": [
    -218.94236776016785,
    502.7345076549774,
    11.72580684950438
  ],
  "euler_zyx_deg": [
    -71.25566699153387,
    -61.877132012127255,
    -59.0686565377862
  ]
}