{
  "set_joints": [
    46.328047648514854,
    -33.74327042079208,
    -131.04648824257427,
    2.4084931930693068,
    -14.622215346534654,
    152.8985922029703
  ],
  "set_tcp": [
    -198.637,
    324.538,
    -31.101,
    -18.90004419642144,
    0.7998490820026293,
    179.69961807585577
  ],
  "set_cube_center": [
    -198.44400000000002,
    324.543,
    -18.102,
    -18.90004419642144,
    0.7998490820026293,
    179.69961807585577
  ],
  "waypoints": [
    {
      "pose_index": 0,
      "capture_joints": [
        23.065980816831683,
        -65.83315284653465,
        -18.537206064356436,
        7.194616336633663,
        -114.73561262376236,
        -251.26253094059405
      ],
      "capture_tcp": [
        -223.652,
        714.536,
        158.114,
        6.0986200671519954,
        0.7986458706328545,
        159.70006787057824
      ],
      "cube_center_6dof": [
        -223.962,
        719.038,
        170.306,
        6.0986200671519954,
        0.7986458706328545,
        159.70006787057824
      ],
      "set_index": 1,
      "place_joints": [
        46.23313737623762,
        -39.25363551980198,
        -113.74381188118811,
        0.35086633663366334,
        -26.162747524752472,
        -170.18224009900987
      ]
    },
    {
      "pose_index": 1,
      "capture_joints": [
        24.28101794554455,
        -61.35357363861386,
        -28.28279702970297,
        7.348700495049504,
        -109.3584467821782,
        -250.6830909653465
      ],
      "capture_tcp": [
        -233.651,
        694.532,
        158.115,
        6.098849250270048,
        0.7985885748533414,
        159.70012516635776
      ],
      "cube_center_6dof": [
        -233.961,
        699.034,
        170.306,
        6.098849250270048,
        0.7985885748533414,
        159.70012516635776
      ],
      "set_index": 1,
      "place_joints": [
        46.23313737623762,
        -39.25363551980198,
        -113.74381188118811,
        0.35086633663366334,
        -26.162747524752472,
        -170.18224009900987
      ]
    },
    {
      "pose_index": 2,
      "capture_joints": [
        26.313814975247524,
        -65.52730507425743,
        -20.091042698019802,
        5.5224319306930685,
        -116.05901918316832,
        -257.4655785891089
      ],
      "capture_tcp": [
        -253.649,
        694.524,
        158.118,
        15.099156775082584,
        0.7989323495304199,
        157.7002159824536
      ],
      "cube_center_6dof": [
        -254.772,
        699.33,
        170.14499999999998,
        15.099156775082584,
        0.7989323495304199,
        157.7002159824536
      ],
      "set_index": 1,
      "place_joints": [
        46.23313737623762,
        -39.25363551980198,
        -113.74381188118811,
        0.35086633663366334,
        -26.162747524752472,
        -170.18224009900987
      ]
    },
    {
      "pose_index": 3,
      "capture_joints": [
        26.47137995049505,
        -64.09320853960396,
        -24.809405940594058,
        5.443301361386139,
        -112.77452042079207,
        -257.6382271039604
      ],
      "capture_tcp": [
        -253.64700000000002,
        689.516,
        148.122,
        15.099214070862098,
        0.7987604621918807,
        157.7005024613512
      ],
      "cube_center_6dof": [
        -254.77,
        694.322,
        160.149,
        15.099214070862098,
        0.7987604621918807,
        157.7005024613512
      ],
      "set_index": 1,
      "place_joints": [
        46.23313737623762,
        -39.25363551980198,
        -113.74381188118811,
        0.35086633663366334,
        -26.162747524752472,
        -170.18224009900987
      ]
    },
    {
      "pose_index": 4,
      "capture_joints": [
        79.07905321782178,
        -13.435488861386139,
        -135.13319925742576,
        -35.46256188118812,
        -55.87430383663366,
        37.47795482673267
      ],
      "capture_tcp": [
        -253.603,
        239.531,
        148.14,
        155.10019080392948,
        10.798707452169165,
        147.7000398093583
      ],
      "cube_center_6dof": [
        -258.395,
        234.097,
        158.934,
        155.10019080392948,
        10.798707452169165,
        147.7000398093583
      ],
      "set_index": 1,
      "place_joints": [
        46.23313737623762,
        -39.25363551980198,
        -113.74381188118811,
        0.35086633663366334,
        -26.162747524752472,
        -170.18224009900987
      ]
    },
    {
      "pose_index": 5,
      "capture_joints": [
        18.653929455445546,
        -11.904857673267326,
        -99.07588180693068,
        28.099241955445542,
        -56.81969368811881,
        20.678372524752472
      ],
      "capture_tcp": [
        -153.585,
        459.5,
        248.15,
        75.10044299677266,
        0.7986458706328545,
        -152.30014605912513
      ],
      "cube_center_6dof": [
        -147.704,
        458.101,
        259.659,
        75.10044299677266,
        0.7986458706328545,
        -152.30014605912513
      ],
      "set_index": 1,
      "place_joints": [
        46.23313737623762,
        -39.25363551980198,
        -113.74381188118811,
        0.35086633663366334,
        -26.162747524752472,
        -170.18224009900987
      ]
    },
    {
      "pose_index": 6,
      "capture_joints": [
        72.0856280940594,
        -16.625773514851485,
        -124.18092512376236,
        -53.52730507425743,
        -70.68796410891089,
        205.53155940594058
      ],
      "capture_tcp": [
        -298.61,
        334.532,
        238.916,
        -18.89964312596485,
        -19.199643827495347,
        -130.30051478260495
      ],
      "cube_center_6dof": [
        -304.438,
        326.04699999999997,
        246.857,
        -18.89964312596485,
        -19.199643827495347,
        -130.30051478260495
      ],
      "set_index": 2,
      "place_joints": [
        46.328047648514854,
        -33.74327042079208,
        -131.04648824257427,
        2.4084931930693068,
        -14.622215346534654,
        152.8985922029703
      ]
    },
    {
      "pose_index": 7,
      "capture_joints": [
        5.419399752475247,
        -45.878790222772274,
        -46.48630878712871,
        21.78968131188119,
        -125.97238551980196,
        274.07348391089107
      ],
      "capture_tcp": [
        -28.594,
        584.5120000000001,
        268.933,
        -178.8996544022941,
        -19.199815714833885,
        -140.29943044855102
      ],
      "cube_center_6dof": [
        -25.465,
        592.877,
        278.37899999999996,
        -178.8996544022941,
        -19.199815714833885,
        -140.29943044855102
      ],
      "set_index": 2,
      "place_joints": [
        46.328047648514854,
        -33.74327042079208,
        -131.04648824257427,
        2.4084931930693068,
        -14.622215346534654,
        152.8985922029703
      ]
    },
    {
      "pose_index": 8,
      "capture_joints": [
        -0.19492574257425743,
        -21.62283415841584,
        -92.13675742574257,
        39.44624071782178,
        -79.29207920792079,
        336.7889851485149
      ],
      "capture_tcp": [
        -58.595,
        464.502,
        218.933,
        101.10063748623477,
        0.80042203979776,
        -140.29994611056662
      ],
      "cube_center_6dof": [
        -50.473,
        466.238,
        228.935,
        101.10063748623477,
        0.80042203979776,
        -140.29994611056662
      ],
      "set_index": 2,
      "place_joints": [
        46.328047648514854,
        -33.74327042079208,
        -131.04648824257427,
        2.4084931930693068,
        -14.622215346534654,
        152.8985922029703
      ]
    }
  ]
}