{
  "source": "set_cube_center_6dof_aligned_to_cube_object",
  "support": 3,
  "T_set_cube_center_to_object": [
    [
      -0.9822953780733839,
      -0.18651787267495734,
      0.01751780204468428,
      -0.08071099040217578
    ],
    [
      -0.1863569313053704,
      0.9824268083636483,
      0.010424028149498162,
      -0.2118126674907966
    ],
    [
      -0.019154225907453647,
      0.006974910839897385,
      -0.9997922115363083,
      -0.019379885385731703
    ],
    [
      0.0,
      0.0,
      0.0,
      1.0
    ]
  ],
  "per_set": {
    "0": {
      "support": 4,
      "raw_transform": [
        [
          -0.260477148564845,
          0.9654408985045831,
          0.008690602406670567,
          0.001088
        ],
        [
          0.96537907488066,
          0.26056952140873313,
          -0.012114714003421786,
          0.674856
        ],
        [
          -0.013960546482449319,
          0.005234119552217366,
          -0.9998888473897609,
          -0.018101
        ],
        [
          0.0,
          0.0,
          0.0,
          1.0
        ]
      ],
      "estimated_transform": [
        [
          -0.2535228024564425,
          -0.9673201554069047,
          -0.004231498339022299,
          0.010619314644062712
        ],
        [
          0.9673240689853917,
          -0.25350443955555063,
          -0.0044322327524429946,
          0.6642527729133719
        ],
        [
          0.0032146844599785784,
          -0.005216902259746581,
          0.9999812246910615,
          -0.004608662308105514
        ],
        [
          0.0,
          0.0,
          0.0,
          1.0
        ]
      ],
      "delta_transform": [
        [
          0.9998264327551059,
          0.007309745299907189,
          -0.017136860501579934,
          -0.012907183623702993
        ],
        [
          0.0073107135505103005,
          -0.9999732763577338,
          -6.145045516769759e-06,
          0.006509663675061277
        ],
        [
          -0.01713644746096785,
          -0.00011913869934392519,
          -0.9998531532052035,
          -0.013279550053689543
        ],
        [
          0.0,
          0.0,
          0.0,
          1.0
        ]
      ],
      "dt_mm": 228.69020659072905,
      "dr_deg": 169.6693830265588
    },
    "1": {
      "support": 6,
      "raw_transform": [
        [
          -0.260477148564845,
          0.9654408985045831,
          0.008690602406670567,
          0.001088
        ],
        [
          0.96537907488066,
          0.26056952140873313,
          -0.012114714003421786,
          0.674856
        ],
        [
          -0.013960546482449319,
          0.005234119552217366,
          -0.9998888473897609,
          -0.018101
        ],
        [
          0.0,
          0.0,
          0.0,
          1.0
        ]
      ],
      "estimated_transform": [
        [
          0.5872492329548873,
          0.809353695467063,
          -0.009215965912770827,
          -0.2936312177486376
        ],
        [
          -0.8088034496856124,
          0.5872132258226151,
          0.03189995604466983,
          0.39346434996510216
        ],
        [
          0.031230084382699877,
          -0.011279319696092652,
          0.9994485773548545,
          0.007010421805549334
        ],
        [
          0.0,
          0.0,
          0.0,
          1.0
        ]
      ],
      "delta_transform": [
        [
          -0.9342029207594398,
          0.35622268339355145,
          0.019243250256386145,
          -0.19523255849476207
        ],
        [
          0.3563683613070663,
          0.9343339908694462,
          0.004645919208275036,
          -0.35772463778396324
        ],
        [
          -0.01632464100214743,
          0.01119791685407277,
          -0.999804037176426,
          -0.02426093878540347
        ],
        [
          0.0,
          0.0,
          0.0,
          1.0
        ]
      ],
      "dt_mm": 185.55138726376933,
      "dr_deg": 31.619507367524566
    },
    "4": {
      "support": 3,
      "raw_transform": [
        [
          -0.260477148564845,
          0.9654408985045831,
          0.008690602406670567,
          0.001088
        ],
        [
          0.96537907488066,
          0.26056952140873313,
          -0.012114714003421786,
          0.674856
        ],
        [
          -0.013960546482449319,
          0.005234119552217366,
          -0.9998888473897609,
          -0.018101
        ],
        [
          0.0,
          0.0,
          0.0,
          1.0
        ]
      ],
      "estimated_transform": [
        [
          -0.762605130296747,
          0.6468609686115434,
          0.0020742545690778692,
          -0.21794520447840146
        ],
        [
          -0.6466143804205023,
          -0.762395708347237,
          0.02535008731986459,
          0.6759902750616809
        ],
        [
          0.017979384819599598,
          0.017990863810580737,
          0.9996764829387846,
          -0.002264952664839558
        ],
        [
          0.0,
          0.0,
          0.0,
          1.0
        ]
      ],
      "delta_transform": [
        [
          -0.4258377845917568,
          -0.9047445265295567,
          0.009976117921965465,
          0.0579270700783396
        ],
        [
          -0.9046440755904498,
          0.425943116227794,
          0.013840456540746268,
          -0.21108516845901115
        ],
        [
          -0.016771336055448477,
          -0.003131046624448056,
          -0.9998544488244032,
          -0.017751559029117507
        ],
        [
          0.0,
          0.0,
          0.0,
          1.0
        ]
      ],
      "dt_mm": 138.64953124826604,
      "dr_deg": 54.042879099406306
    }
  }
}