{
  "0": {
    "transform_key": "T_base_O_set0",
    "transform": [
      [
        -0.2535228024564425,
        -0.9673201554069047,
        -0.004231498339022299,
        -0.059065656261183555
      ],
      [
        0.9673240689853917,
        -0.25350443955555063,
        -0.0044322327524429946,
        0.9072230120606646
      ],
      [
        0.0032146844599785784,
        -0.005216902259746581,
        0.9999812246910615,
        -0.015341366177806362
      ],
      [
        0.0,
        0.0,
        0.0,
        1.0
      ]
    ],
    "source": "fixed_translation+gripper_rotation",
    "support": 4,
    "events": [
      24,
      25,
      26,
      27
    ],
    "stability": {
      "num_frames": 4,
      "num_inliers": 3,
      "inlier_ratio": 0.75,
      "translation_std_mm": 0.0,
      "rotation_std_deg": 0.04047101584262327
    },
    "fixed_support": 4,
    "gripper_support": 4,
    "fixed_stability": {
      "num_frames": 4,
      "num_inliers": 3,
      "inlier_ratio": 0.75,
      "translation_std_mm": 0.0,
      "rotation_std_deg": 0.0
    },
    "gripper_stability": {
      "num_frames": 4,
      "num_inliers": 3,
      "inlier_ratio": 0.75,
      "translation_std_mm": 0.44881075416582855,
      "rotation_std_deg": 0.04047101584262327
    }
  },
  "1": {
    "transform_key": "T_base_O_set1",
    "transform": [
      [
        0.6031467353890434,
        0.7974280404680814,
        -0.017959283526222208,
        -0.09502066799859861
      ],
      [
        -0.7975629758514536,
        0.6032353982232861,
        -0.0005948792880211155,
        0.5228651080218122
      ],
      [
        0.01035930212478396,
        0.014682459113853786,
        0.9998385420926008,
        0.011015618703945226
      ],
      [
        0.0,
        0.0,
        0.0,
        1.0
      ]
    ],
    "source": "fixed_translation+gripper_rotation",
    "support": 6,
    "events": [
      31,
      32,
      33,
      34,
      35,
      36
    ],
    "stability": {
      "num_frames": 6,
      "num_inliers": 6,
      "inlier_ratio": 1.0,
      "translation_std_mm": 1.9224232746785137,
      "rotation_std_deg": 0.4216970519180467
    },
    "fixed_support": 6,
    "gripper_support": 6,
    "fixed_stability": {
      "num_frames": 6,
      "num_inliers": 6,
      "inlier_ratio": 1.0,
      "translation_std_mm": 1.9224232746785137,
      "rotation_std_deg": 1.125764400445938
    },
    "gripper_stability": {
      "num_frames": 6,
      "num_inliers": 6,
      "inlier_ratio": 1.0,
      "translation_std_mm": 1.0935226773236517,
      "rotation_std_deg": 0.4216970519180467
    }
  },
  "4": {
    "transform_key": "T_base_O_set4",
    "transform": [
      [
        -0.7526015930169926,
        0.6584567283016227,
        -0.005057582684218114,
        -0.037241870913457646
      ],
      [
        -0.6584720960324653,
        -0.752601715180487,
        0.002270914793749047,
        0.6575420558792697
      ],
      [
        -0.002311046277465645,
        0.005039371162315953,
        0.999984631783605,
        -0.0036023259833026754
      ],
      [
        0.0,
        0.0,
        0.0,
        1.0
      ]
    ],
    "source": "fixed_translation+gripper_rotation",
    "support": 3,
    "events": [
      28,
      29,
      30
    ],
    "stability": {
      "num_frames": 3,
      "num_inliers": 3,
      "inlier_ratio": 1.0,
      "translation_std_mm": 1.430021799059425,
      "rotation_std_deg": 0.14602310413028818
    },
    "fixed_support": 3,
    "gripper_support": 3,
    "fixed_stability": {
      "num_frames": 3,
      "num_inliers": 3,
      "inlier_ratio": 1.0,
      "translation_std_mm": 1.430021799059425,
      "rotation_std_deg": 0.36922738041765074
    },
    "gripper_stability": {
      "num_frames": 3,
      "num_inliers": 3,
      "inlier_ratio": 1.0,
      "translation_std_mm": 0.7726212088961076,
      "rotation_std_deg": 0.14602310413028818
    }
  }
}