{
  "source": "set_cube_center_6dof_aligned_to_cube_object",
  "support": 3,
  "T_set_cube_center_to_object": [
    [
      -0.9814192071823784,
      -0.19105718162160987,
      0.017705737045364576,
      -0.08063845484434434
    ],
    [
      -0.190899100316604,
      0.9815562410749806,
      0.010241049998197234,
      -0.2116696814193278
    ],
    [
      -0.01933580284921168,
      0.006670753897543837,
      -0.9997907920013139,
      -0.019765025223061027
    ],
    [
      0.0,
      0.0,
      0.0,
      1.0
    ]
  ],
  "per_set": {
    "0": {
      "support": 4,
      "raw_transform": [
        [
          -0.260477148564845,
          0.9654408985045831,
          0.008690602406670567,
          0.001088
        ],
        [
          0.96537907488066,
          0.26056952140873313,
          -0.012114714003421786,
          0.674856
        ],
        [
          -0.013960546482449319,
          0.005234119552217366,
          -0.9998888473897609,
          -0.018101
        ],
        [
          0.0,
          0.0,
          0.0,
          1.0
        ]
      ],
      "estimated_transform": [
        [
          -0.24940106549141322,
          -0.9683958119139803,
          -0.0029427876598918986,
          0.01128324334007609
        ],
        [
          0.9683949757850105,
          -0.24938848627656376,
          -0.0040686345415581,
          0.6635177321945125
        ],
        [
          0.0032061512903196476,
          -0.0038645025744015304,
          0.9999873930274104,
          -0.004162826863334438
        ],
        [
          0.0,
          0.0,
          0.0,
          1.0
        ]
      ],
      "delta_transform": [
        [
          0.9997867646065318,
          0.011544504169755693,
          -0.01712161619349888,
          -0.013795938912913237
        ],
        [
          0.011569007998047581,
          -0.9999321885447253,
          0.0013328038480605719,
          0.0069614519395728314
        ],
        [
          -0.017105068592206753,
          -0.0015305997617893756,
          -0.9998525260721332,
          -0.013710661194273912
        ],
        [
          0.0,
          0.0,
          0.0,
          1.0
        ]
      ],
      "dt_mm": 228.70100509974606,
      "dr_deg": 169.64715451425184
    },
    "1": {
      "support": 6,
      "raw_transform": [
        [
          -0.260477148564845,
          0.9654408985045831,
          0.008690602406670567,
          0.001088
        ],
        [
          0.96537907488066,
          0.26056952140873313,
          -0.012114714003421786,
          0.674856
        ],
        [
          -0.013960546482449319,
          0.005234119552217366,
          -0.9998888473897609,
          -0.018101
        ],
        [
          0.0,
          0.0,
          0.0,
          1.0
        ]
      ],
      "estimated_transform": [
        [
          0.5836804900719084,
          0.8119287729403455,
          -0.009420890669208596,
          -0.29412618739545154
        ],
        [
          -0.8113730366849572,
          0.5836522524487631,
          0.03199755540844394,
          0.39407656307517985
        ],
        [
          0.031478259959025784,
          -0.011032492151351207,
          0.9994435468133668,
          0.007349544589244535
        ],
        [
          0.0,
          0.0,
          0.0,
          1.0
        ]
      ],
      "delta_transform": [
        [
          -0.9357574349762424,
          0.3521107995272419,
          0.019390919085230864,
          -0.1945173468260823
        ],
        [
          0.3522546938975902,
          0.9358934867760751,
          0.004473481556346784,
          -0.3580412026382299
        ],
        [
          -0.016572673706993862,
          0.01101663589334189,
          -0.9998019705020567,
          -0.02461174224585764
        ],
        [
          0.0,
          0.0,
          0.0,
          1.0
        ]
      ],
      "dt_mm": 185.51688583205282,
      "dr_deg": 31.632459390918402
    },
    "4": {
      "support": 3,
      "raw_transform": [
        [
          -0.260477148564845,
          0.9654408985045831,
          0.008690602406670567,
          0.001088
        ],
        [
          0.96537907488066,
          0.26056952140873313,
          -0.012114714003421786,
          0.674856
        ],
        [
          -0.013960546482449319,
          0.005234119552217366,
          -0.9998888473897609,
          -0.018101
        ],
        [
          0.0,
          0.0,
          0.0,
          1.0
        ]
      ],
      "estimated_transform": [
        [
          -0.7654540056458841,
          0.6434881560645973,
          0.0017771452546076394,
          -0.21733868763447703
        ],
        [
          -0.6432472103461127,
          -0.7652375081375249,
          0.02538862976639713,
          0.6762310110505998
        ],
        [
          0.017697220759620214,
          0.018290684625142828,
          0.999676077153659,
          -0.001870036699738759
        ],
        [
          0.0,
          0.0,
          0.0,
          1.0
        ]
      ],
      "delta_transform": [
        [
          -0.4218411829683417,
          -0.9066135856496468,
          0.010090721845370056,
          0.05799597454386318
        ],
        [
          -0.906518591352886,
          0.42194794793867574,
          0.013563655920149095,
          -0.21043481679346168
        ],
        [
          -0.0165547541041585,
          -0.003425718294267424,
          -0.9998570920740218,
          -0.01814407654919055
        ],
        [
          0.0,
          0.0,
          0.0,
          1.0
        ]
      ],
      "dt_mm": 138.64940453186748,
      "dr_deg": 54.03081805339577
    }
  }
}