{
  "0": {
    "transform_key": "T_base_O_set0",
    "transform": [
      [
        -0.24940106549141322,
        -0.9683958119139803,
        -0.0029427876598918986,
        -0.05725832145014002
      ],
      [
        0.9683949757850105,
        -0.24938848627656376,
        -0.0040686345415581,
        0.9067588399162945
      ],
      [
        0.0032061512903196476,
        -0.0038645025744015304,
        0.9999873930274104,
        -0.014953465167632313
      ],
      [
        0.0,
        0.0,
        0.0,
        1.0
      ]
    ],
    "source": "fixed_translation+gripper_rotation",
    "support": 4,
    "events": [
      24,
      25,
      26,
      27
    ],
    "stability": {
      "num_frames": 4,
      "num_inliers": 3,
      "inlier_ratio": 0.75,
      "translation_std_mm": 0.0,
      "rotation_std_deg": 0.0438543497617764
    },
    "fixed_support": 4,
    "gripper_support": 4,
    "fixed_stability": {
      "num_frames": 4,
      "num_inliers": 3,
      "inlier_ratio": 0.75,
      "translation_std_mm": 0.0,
      "rotation_std_deg": 0.0
    },
    "gripper_stability": {
      "num_frames": 4,
      "num_inliers": 3,
      "inlier_ratio": 0.75,
      "translation_std_mm": 0.6429264904901941,
      "rotation_std_deg": 0.0438543497617764
    }
  },
  "1": {
    "transform_key": "T_base_O_set1",
    "transform": [
      [
        0.5995828805130905,
        0.8000901786932277,
        -0.018869959042437115,
        -0.09499770506700306
      ],
      [
        -0.8002486634545828,
        0.5996664482386074,
        -0.001492479831326464,
        0.522574220733146
      ],
      [
        0.01012156286244438,
        0.015995524859527568,
        0.9998208325243525,
        0.011435343550321189
      ],
      [
        0.0,
        0.0,
        0.0,
        1.0
      ]
    ],
    "source": "fixed_translation+gripper_rotation",
    "support": 6,
    "events": [
      31,
      32,
      33,
      34,
      35,
      36
    ],
    "stability": {
      "num_frames": 6,
      "num_inliers": 6,
      "inlier_ratio": 1.0,
      "translation_std_mm": 1.9224232746787306,
      "rotation_std_deg": 0.44785292388745584
    },
    "fixed_support": 6,
    "gripper_support": 6,
    "fixed_stability": {
      "num_frames": 6,
      "num_inliers": 6,
      "inlier_ratio": 1.0,
      "translation_std_mm": 1.9224232746787306,
      "rotation_std_deg": 1.125764400445723
    },
    "gripper_stability": {
      "num_frames": 6,
      "num_inliers": 6,
      "inlier_ratio": 1.0,
      "translation_std_mm": 0.8811717848238751,
      "rotation_std_deg": 0.44785292388745584
    }
  },
  "4": {
    "transform_key": "T_base_O_set4",
    "transform": [
      [
        -0.7554579759553883,
        0.655175849099147,
        -0.005277624711875872,
        -0.0365921540959154
      ],
      [
        -0.6551930703377615,
        -0.7554570838517967,
        0.002575857045122652,
        0.6569811694943215
      ],
      [
        -0.0022993796478018025,
        0.005403814888723463,
        0.9999827556702581,
        -0.0031769021415683587
      ],
      [
        0.0,
        0.0,
        0.0,
        1.0
      ]
    ],
    "source": "fixed_translation+gripper_rotation",
    "support": 3,
    "events": [
      28,
      29,
      30
    ],
    "stability": {
      "num_frames": 3,
      "num_inliers": 3,
      "inlier_ratio": 1.0,
      "translation_std_mm": 1.4300217990592317,
      "rotation_std_deg": 0.16122753722694214
    },
    "fixed_support": 3,
    "gripper_support": 3,
    "fixed_stability": {
      "num_frames": 3,
      "num_inliers": 3,
      "inlier_ratio": 1.0,
      "translation_std_mm": 1.4300217990592317,
      "rotation_std_deg": 0.36922738042699943
    },
    "gripper_stability": {
      "num_frames": 3,
      "num_inliers": 3,
      "inlier_ratio": 1.0,
      "translation_std_mm": 0.5879222037277442,
      "rotation_std_deg": 0.16122753722694214
    }
  }
}