{
  "cube_side_m": 0.03,
  "marker_size_m": 0.022,
  "dictionary_name": "DICT_4X4_50",
  "marker_ids": [
    0,
    1,
    2,
    3,
    4
  ],
  "id_to_face": {
    "0": "+Z",
    "1": "+Y",
    "2": "-X",
    "3": "-Y",
    "4": "+X"
  },
  "corner_reorder": {
    "0": [
      0,
      1,
      2,
      3
    ],
    "1": [
      1,
      0,
      3,
      2
    ],
    "2": [
      3,
      2,
      1,
      0
    ],
    "3": [
      0,
      3,
      2,
      1
    ],
    "4": [
      1,
      0,
      3,
      2
    ]
  },
  "face_roll_deg": {
    "0": 0.0,
    "1": 0.0,
    "2": 0.0,
    "3": 0.0,
    "4": 0.0
  },
  "marker_pose_4x4": {
    "0": [
      [
        -0.07940895095489466,
        -0.9960540456846396,
        -0.03963024834018232,
        -0.00029594635481659446
      ],
      [
        -0.980198053233419,
        0.08525589578149953,
        -0.17872663112113168,
        -0.00024037464690084896
      ],
      [
        0.18140009632207507,
        0.02465299798717216,
        -0.983100317742084,
        0.008788401025635982
      ],
      [
        0.0,
        0.0,
        0.0,
        1.0
      ]
    ],
    "1": [
      [
        0.9968331018259049,
        -0.02245860721884283,
        0.076284848206799,
        -0.00013657553477245624
      ],
      [
        -0.0792818700207752,
        -0.20616341155707438,
        0.9753004833491864,
        0.017060543282116435
      ],
      [
        -0.006176745919459624,
        -0.9782598114493605,
        -0.20729107340382155,
        -0.007108109806986281
      ],
      [
        0.0,
        0.0,
        0.0,
        1.0
      ]
    ],
    "2": [
      [
        -0.07181513783929344,
        0.036449009737329355,
        -0.9967517522765087,
        -0.01645646857753593
      ],
      [
        -0.9825071993196063,
        0.16956482335135867,
        0.07698944061990423,
        -0.0022502031539218398
      ],
      [
        0.17182022367075028,
        0.9848447798363913,
        0.023634093313322963,
        -0.005788636083756415
      ],
      [
        0.0,
        0.0,
        0.0,
        1.0
      ]
    ],
    "3": [
      [
        -0.04097029600679676,
        0.9948596417246328,
        -0.09260522724258391,
        0.0008134357265093888
      ],
      [
        -0.17322367113847406,
        -0.09835195357753719,
        -0.9799594139477373,
        -0.014586413295100856
      ],
      [
        -0.9840299764755267,
        -0.024107809834512578,
        0.1763627480579666,
        -0.005587993387879275
      ],
      [
        0.0,
        0.0,
        0.0,
        1.0
      ]
    ],
    "4": [
      [
        -0.09094978334540038,
        -0.07479100464563622,
        0.9930430214917787,
        0.015180664368206021
      ],
      [
        -0.9806674749785298,
        -0.16676454901433943,
        -0.10237621164742125,
        -0.0031151371773977376
      ],
      [
        0.17326119135183848,
        -0.9831560867004487,
        -0.0581779060743958,
        -0.006032248584733451
      ],
      [
        0.0,
        0.0,
        0.0,
        1.0
      ]
    ]
  }
}