{
  "generated_at": "2026-04-03T16:41:42",
  "cube_config_source": "json_config",
  "cube_config_used": {
    "cube_side_m": 0.03,
    "marker_size_m": 0.022,
    "dictionary_name": "DICT_4X4_50",
    "marker_ids": [
      0,
      1,
      2,
      3,
      4
    ],
    "id_to_face": {
      "0": "+Z",
      "1": "+Y",
      "2": "-X",
      "3": "-Y",
      "4": "+X"
    },
    "corner_reorder": {
      "0": [
        0,
        1,
        2,
        3
      ],
      "1": [
        1,
        0,
        3,
        2
      ],
      "2": [
        3,
        2,
        1,
        0
      ],
      "3": [
        0,
        3,
        2,
        1
      ],
      "4": [
        1,
        0,
        3,
        2
      ]
    },
    "face_roll_deg": {
      "0": 0.0,
      "1": 0.0,
      "2": 0.0,
      "3": 0.0,
      "4": 0.0
    },
    "marker_pose_4x4": {
      "0": [
        [
          -0.07940895095489466,
          -0.9960540456846396,
          -0.03963024834018232,
          -0.00029594635481659446
        ],
        [
          -0.980198053233419,
          0.08525589578149953,
          -0.17872663112113168,
          -0.00024037464690084896
        ],
        [
          0.18140009632207507,
          0.02465299798717216,
          -0.983100317742084,
          0.008788401025635982
        ],
        [
          0.0,
          0.0,
          0.0,
          1.0
        ]
      ],
      "1": [
        [
          0.9968331018259049,
          -0.02245860721884283,
          0.076284848206799,
          -0.00013657553477245624
        ],
        [
          -0.0792818700207752,
          -0.20616341155707438,
          0.9753004833491864,
          0.017060543282116435
        ],
        [
          -0.006176745919459624,
          -0.9782598114493605,
          -0.20729107340382155,
          -0.007108109806986281
        ],
        [
          0.0,
          0.0,
          0.0,
          1.0
        ]
      ],
      "2": [
        [
          -0.07181513783929344,
          0.036449009737329355,
          -0.9967517522765087,
          -0.01645646857753593
        ],
        [
          -0.9825071993196063,
          0.16956482335135867,
          0.07698944061990423,
          -0.0022502031539218398
        ],
        [
          0.17182022367075028,
          0.9848447798363913,
          0.023634093313322963,
          -0.005788636083756415
        ],
        [
          0.0,
          0.0,
          0.0,
          1.0
        ]
      ],
      "3": [
        [
          -0.04097029600679676,
          0.9948596417246328,
          -0.09260522724258391,
          0.0008134357265093888
        ],
        [
          -0.17322367113847406,
          -0.09835195357753719,
          -0.9799594139477373,
          -0.014586413295100856
        ],
        [
          -0.9840299764755267,
          -0.024107809834512578,
          0.1763627480579666,
          -0.005587993387879275
        ],
        [
          0.0,
          0.0,
          0.0,
          1.0
        ]
      ],
      "4": [
        [
          -0.09094978334540038,
          -0.07479100464563622,
          0.9930430214917787,
          0.015180664368206021
        ],
        [
          -0.9806674749785298,
          -0.16676454901433943,
          -0.10237621164742125,
          -0.0031151371773977376
        ],
        [
          0.17326119135183848,
          -0.9831560867004487,
          -0.0581779060743958,
          -0.006032248584733451
        ],
        [
          0.0,
          0.0,
          0.0,
          1.0
        ]
      ]
    }
  },
  "verification": {
    "cross_camera": {
      "events_with_2plus_cams": 18,
      "num_errors": 72,
      "mean_mm": 13.219523929337672,
      "median_mm": 11.308388988399896,
      "max_mm": 35.57924360500654,
      "std_mm": 7.411540431835081,
      "pass": false
    },
    "reprojection": {
      "total_observations": 72,
      "mean_px": 1.2038753030007174,
      "median_px": 1.2514065947585737,
      "max_px": 3.2809745040802447,
      "lt_1px_count": 34,
      "pass": true
    },
    "handeye": {
      "frames": 18,
      "board_position_std_mm": 1.2108595483974771,
      "board_position_max_mm": 4.493178799174289,
      "board_rotation_mean_deg": 0.7779147612720625,
      "board_rotation_max_deg": 1.298354176233678,
      "pass": true
    },
    "candidate_summary": {
      "total": 375,
      "selected": 72,
      "accepted": 16
    }
  },
  "usable_transforms": {
    "T_C0_C1": {
      "matrix_4x4": [
        [
          -0.7638622492407862,
          0.09631087322939202,
          -0.638152552202527,
          0.20921233303171444
        ],
        [
          -0.12125960975572297,
          0.9497741344879403,
          0.2884877822362197,
          -0.1478735831242029
        ],
        [
          0.6338852981626065,
          0.29774705566214177,
          -0.7138179877376504,
          0.7447507516880154
        ],
        [
          0.0,
          0.0,
          0.0,
          1.0
        ]
      ],
      "translation_mm": [
        209.21233303171445,
        -147.8735831242029,
        744.7507516880154
      ],
      "rotation_rz_ry_rx_deg": [
        -170.97982639667717,
        -39.337358061711065,
        157.35805493925025
      ],
      "quality_tier": "production",
      "status_reason": "derived from PASS T_base_C0 and T_base_C1"
    },
    "T_gripper_cam": {
      "matrix_4x4": [
        [
          -0.9999401777975955,
          -0.006202069905221591,
          0.0090097255787392,
          0.03519802978089225
        ],
        [
          0.007721603214803056,
          -0.9836639525669444,
          0.17984884004121252,
          0.031276485836947476
        ],
        [
          0.007747107196017484,
          0.17990765061349462,
          0.9836529975457943,
          -0.1150375580729922
        ],
        [
          0.0,
          0.0,
          0.0,
          1.0
        ]
      ],
      "translation_mm": [
        35.198029780892256,
        31.276485836947476,
        -115.0375580729922
      ],
      "rotation_rz_ry_rx_deg": [
        179.55756705087288,
        -0.4438809859598199,
        10.364695237579884
      ],
      "quality_tier": "production",
      "status_reason": "hand-eye HORAUD: 1.91mm / 0.394deg"
    },
    "T_base_C0": {
      "matrix_4x4": [
        [
          0.6775660310951803,
          -0.07148406100942424,
          0.7319797145601274,
          -0.43542700584307764
        ],
        [
          -0.7349436103447909,
          -0.10317002014172123,
          0.6702341654655637,
          0.14436308817776686
        ],
        [
          0.027607301919758957,
          -0.9920917175168621,
          -0.12244125495580942,
          0.10115534404302864
        ],
        [
          0.0,
          0.0,
          0.0,
          1.0
        ]
      ],
      "translation_mm": [
        -435.42700584307767,
        144.36308817776685,
        101.15534404302865
      ],
      "rotation_rz_ry_rx_deg": [
        -47.32613401468453,
        -1.5819828819927153,
        -97.03571061436237
      ],
      "quality_tier": "production",
      "status_reason": "board-based: 1.59mm / 0.268deg"
    },
    "T_base_C1": {
      "matrix_4x4": [
        [
          -0.044907803566834104,
          0.21530806876513428,
          -0.9755130571670637,
          0.262041211182151
        ],
        [
          0.9987576194588961,
          0.030788971899668737,
          -0.03918235294313543,
          0.5050173398976027
        ],
        [
          0.021598767363016247,
          -0.9760606921365027,
          -0.21642323931225307,
          0.16244707247747225
        ],
        [
          0.0,
          0.0,
          0.0,
          1.0
        ]
      ],
      "translation_mm": [
        262.041211182151,
        505.01733989760265,
        162.44707247747226
      ],